date,year,quarter,year_quarter,month,month_name,year_month,week_start,day_of_week
2023-06-01,2023,2,2023-Q2,6,Jun,2023-06,2023-05-29,Thu
2023-06-02,2023,2,2023-Q2,6,Jun,2023-06,2023-05-29,Fri
2023-06-03,2023,2,2023-Q2,6,Jun,2023-06,2023-05-29,Sat
2023-06-04,2023,2,2023-Q2,6,Jun,2023-06,2023-05-29,Sun
2023-06-05,2023,2,2023-Q2,6,Jun,2023-06,2023-06-05,Mon
2023-06-06,2023,2,2023-Q2,6,Jun,2023-06,2023-06-05,Tue
2023-06-07,2023,2,2023-Q2,6,Jun,2023-06,2023-06-05,Wed
2023-06-08,2023,2,2023-Q2,6,Jun,2023-06,2023-06-05,Thu
2023-06-09,2023,2,2023-Q2,6,Jun,2023-06,2023-06-05,Fri
2023-06-10,2023,2,2023-Q2,6,Jun,2023-06,2023-06-05,Sat
2023-06-11,2023,2,2023-Q2,6,Jun,2023-06,2023-06-05,Sun
2023-06-12,2023,2,2023-Q2,6,Jun,2023-06,2023-06-12,Mon
2023-06-13,2023,2,2023-Q2,6,Jun,2023-06,2023-06-12,Tue
2023-06-14,2023,2,2023-Q2,6,Jun,2023-06,2023-06-12,Wed
2023-06-15,2023,2,2023-Q2,6,Jun,2023-06,2023-06-12,Thu
2023-06-16,2023,2,2023-Q2,6,Jun,2023-06,2023-06-12,Fri
2023-06-17,2023,2,2023-Q2,6,Jun,2023-06,2023-06-12,Sat
2023-06-18,2023,2,2023-Q2,6,Jun,2023-06,2023-06-12,Sun
2023-06-19,2023,2,2023-Q2,6,Jun,2023-06,2023-06-19,Mon
2023-06-20,2023,2,2023-Q2,6,Jun,2023-06,2023-06-19,Tue
2023-06-21,2023,2,2023-Q2,6,Jun,2023-06,2023-06-19,Wed
2023-06-22,2023,2,2023-Q2,6,Jun,2023-06,2023-06-19,Thu
2023-06-23,2023,2,2023-Q2,6,Jun,2023-06,2023-06-19,Fri
2023-06-24,2023,2,2023-Q2,6,Jun,2023-06,2023-06-19,Sat
2023-06-25,2023,2,2023-Q2,6,Jun,2023-06,2023-06-19,Sun
2023-06-26,2023,2,2023-Q2,6,Jun,2023-06,2023-06-26,Mon
2023-06-27,2023,2,2023-Q2,6,Jun,2023-06,2023-06-26,Tue
2023-06-28,2023,2,2023-Q2,6,Jun,2023-06,2023-06-26,Wed
2023-06-29,2023,2,2023-Q2,6,Jun,2023-06,2023-06-26,Thu
2023-06-30,2023,2,2023-Q2,6,Jun,2023-06,2023-06-26,Fri
2023-07-01,2023,3,2023-Q3,7,Jul,2023-07,2023-06-26,Sat
2023-07-02,2023,3,2023-Q3,7,Jul,2023-07,2023-06-26,Sun
2023-07-03,2023,3,2023-Q3,7,Jul,2023-07,2023-07-03,Mon
2023-07-04,2023,3,2023-Q3,7,Jul,2023-07,2023-07-03,Tue
2023-07-05,2023,3,2023-Q3,7,Jul,2023-07,2023-07-03,Wed
2023-07-06,2023,3,2023-Q3,7,Jul,2023-07,2023-07-03,Thu
2023-07-07,2023,3,2023-Q3,7,Jul,2023-07,2023-07-03,Fri
2023-07-08,2023,3,2023-Q3,7,Jul,2023-07,2023-07-03,Sat
2023-07-09,2023,3,2023-Q3,7,Jul,2023-07,2023-07-03,Sun
2023-07-10,2023,3,2023-Q3,7,Jul,2023-07,2023-07-10,Mon
2023-07-11,2023,3,2023-Q3,7,Jul,2023-07,2023-07-10,Tue
2023-07-12,2023,3,2023-Q3,7,Jul,2023-07,2023-07-10,Wed
2023-07-13,2023,3,2023-Q3,7,Jul,2023-07,2023-07-10,Thu
2023-07-14,2023,3,2023-Q3,7,Jul,2023-07,2023-07-10,Fri
2023-07-15,2023,3,2023-Q3,7,Jul,2023-07,2023-07-10,Sat
2023-07-16,2023,3,2023-Q3,7,Jul,2023-07,2023-07-10,Sun
2023-07-17,2023,3,2023-Q3,7,Jul,2023-07,2023-07-17,Mon
2023-07-18,2023,3,2023-Q3,7,Jul,2023-07,2023-07-17,Tue
2023-07-19,2023,3,2023-Q3,7,Jul,2023-07,2023-07-17,Wed
2023-07-20,2023,3,2023-Q3,7,Jul,2023-07,2023-07-17,Thu
2023-07-21,2023,3,2023-Q3,7,Jul,2023-07,2023-07-17,Fri
2023-07-22,2023,3,2023-Q3,7,Jul,2023-07,2023-07-17,Sat
2023-07-23,2023,3,2023-Q3,7,Jul,2023-07,2023-07-17,Sun
2023-07-24,2023,3,2023-Q3,7,Jul,2023-07,2023-07-24,Mon
2023-07-25,2023,3,2023-Q3,7,Jul,2023-07,2023-07-24,Tue
2023-07-26,2023,3,2023-Q3,7,Jul,2023-07,2023-07-24,Wed
2023-07-27,2023,3,2023-Q3,7,Jul,2023-07,2023-07-24,Thu
2023-07-28,2023,3,2023-Q3,7,Jul,2023-07,2023-07-24,Fri
2023-07-29,2023,3,2023-Q3,7,Jul,2023-07,2023-07-24,Sat
2023-07-30,2023,3,2023-Q3,7,Jul,2023-07,2023-07-24,Sun
2023-07-31,2023,3,2023-Q3,7,Jul,2023-07,2023-07-31,Mon
2023-08-01,2023,3,2023-Q3,8,Aug,2023-08,2023-07-31,Tue
2023-08-02,2023,3,2023-Q3,8,Aug,2023-08,2023-07-31,Wed
2023-08-03,2023,3,2023-Q3,8,Aug,2023-08,2023-07-31,Thu
2023-08-04,2023,3,2023-Q3,8,Aug,2023-08,2023-07-31,Fri
2023-08-05,2023,3,2023-Q3,8,Aug,2023-08,2023-07-31,Sat
2023-08-06,2023,3,2023-Q3,8,Aug,2023-08,2023-07-31,Sun
2023-08-07,2023,3,2023-Q3,8,Aug,2023-08,2023-08-07,Mon
2023-08-08,2023,3,2023-Q3,8,Aug,2023-08,2023-08-07,Tue
2023-08-09,2023,3,2023-Q3,8,Aug,2023-08,2023-08-07,Wed
2023-08-10,2023,3,2023-Q3,8,Aug,2023-08,2023-08-07,Thu
2023-08-11,2023,3,2023-Q3,8,Aug,2023-08,2023-08-07,Fri
2023-08-12,2023,3,2023-Q3,8,Aug,2023-08,2023-08-07,Sat
2023-08-13,2023,3,2023-Q3,8,Aug,2023-08,2023-08-07,Sun
2023-08-14,2023,3,2023-Q3,8,Aug,2023-08,2023-08-14,Mon
2023-08-15,2023,3,2023-Q3,8,Aug,2023-08,2023-08-14,Tue
2023-08-16,2023,3,2023-Q3,8,Aug,2023-08,2023-08-14,Wed
2023-08-17,2023,3,2023-Q3,8,Aug,2023-08,2023-08-14,Thu
2023-08-18,2023,3,2023-Q3,8,Aug,2023-08,2023-08-14,Fri
2023-08-19,2023,3,2023-Q3,8,Aug,2023-08,2023-08-14,Sat
2023-08-20,2023,3,2023-Q3,8,Aug,2023-08,2023-08-14,Sun
2023-08-21,2023,3,2023-Q3,8,Aug,2023-08,2023-08-21,Mon
2023-08-22,2023,3,2023-Q3,8,Aug,2023-08,2023-08-21,Tue
2023-08-23,2023,3,2023-Q3,8,Aug,2023-08,2023-08-21,Wed
2023-08-24,2023,3,2023-Q3,8,Aug,2023-08,2023-08-21,Thu
2023-08-25,2023,3,2023-Q3,8,Aug,2023-08,2023-08-21,Fri
2023-08-26,2023,3,2023-Q3,8,Aug,2023-08,2023-08-21,Sat
2023-08-27,2023,3,2023-Q3,8,Aug,2023-08,2023-08-21,Sun
2023-08-28,2023,3,2023-Q3,8,Aug,2023-08,2023-08-28,Mon
2023-08-29,2023,3,2023-Q3,8,Aug,2023-08,2023-08-28,Tue
2023-08-30,2023,3,2023-Q3,8,Aug,2023-08,2023-08-28,Wed
2023-08-31,2023,3,2023-Q3,8,Aug,2023-08,2023-08-28,Thu
2023-09-01,2023,3,2023-Q3,9,Sep,2023-09,2023-08-28,Fri
2023-09-02,2023,3,2023-Q3,9,Sep,2023-09,2023-08-28,Sat
2023-09-03,2023,3,2023-Q3,9,Sep,2023-09,2023-08-28,Sun
2023-09-04,2023,3,2023-Q3,9,Sep,2023-09,2023-09-04,Mon
2023-09-05,2023,3,2023-Q3,9,Sep,2023-09,2023-09-04,Tue
2023-09-06,2023,3,2023-Q3,9,Sep,2023-09,2023-09-04,Wed
2023-09-07,2023,3,2023-Q3,9,Sep,2023-09,2023-09-04,Thu
2023-09-08,2023,3,2023-Q3,9,Sep,2023-09,2023-09-04,Fri
2023-09-09,2023,3,2023-Q3,9,Sep,2023-09,2023-09-04,Sat
2023-09-10,2023,3,2023-Q3,9,Sep,2023-09,2023-09-04,Sun
2023-09-11,2023,3,2023-Q3,9,Sep,2023-09,2023-09-11,Mon
2023-09-12,2023,3,2023-Q3,9,Sep,2023-09,2023-09-11,Tue
2023-09-13,2023,3,2023-Q3,9,Sep,2023-09,2023-09-11,Wed
2023-09-14,2023,3,2023-Q3,9,Sep,2023-09,2023-09-11,Thu
2023-09-15,2023,3,2023-Q3,9,Sep,2023-09,2023-09-11,Fri
2023-09-16,2023,3,2023-Q3,9,Sep,2023-09,2023-09-11,Sat
2023-09-17,2023,3,2023-Q3,9,Sep,2023-09,2023-09-11,Sun
2023-09-18,2023,3,2023-Q3,9,Sep,2023-09,2023-09-18,Mon
2023-09-19,2023,3,2023-Q3,9,Sep,2023-09,2023-09-18,Tue
2023-09-20,2023,3,2023-Q3,9,Sep,2023-09,2023-09-18,Wed
2023-09-21,2023,3,2023-Q3,9,Sep,2023-09,2023-09-18,Thu
2023-09-22,2023,3,2023-Q3,9,Sep,2023-09,2023-09-18,Fri
2023-09-23,2023,3,2023-Q3,9,Sep,2023-09,2023-09-18,Sat
2023-09-24,2023,3,2023-Q3,9,Sep,2023-09,2023-09-18,Sun
2023-09-25,2023,3,2023-Q3,9,Sep,2023-09,2023-09-25,Mon
2023-09-26,2023,3,2023-Q3,9,Sep,2023-09,2023-09-25,Tue
2023-09-27,2023,3,2023-Q3,9,Sep,2023-09,2023-09-25,Wed
2023-09-28,2023,3,2023-Q3,9,Sep,2023-09,2023-09-25,Thu
2023-09-29,2023,3,2023-Q3,9,Sep,2023-09,2023-09-25,Fri
2023-09-30,2023,3,2023-Q3,9,Sep,2023-09,2023-09-25,Sat
2023-10-01,2023,4,2023-Q4,10,Oct,2023-10,2023-09-25,Sun
2023-10-02,2023,4,2023-Q4,10,Oct,2023-10,2023-10-02,Mon
2023-10-03,2023,4,2023-Q4,10,Oct,2023-10,2023-10-02,Tue
2023-10-04,2023,4,2023-Q4,10,Oct,2023-10,2023-10-02,Wed
2023-10-05,2023,4,2023-Q4,10,Oct,2023-10,2023-10-02,Thu
2023-10-06,2023,4,2023-Q4,10,Oct,2023-10,2023-10-02,Fri
2023-10-07,2023,4,2023-Q4,10,Oct,2023-10,2023-10-02,Sat
2023-10-08,2023,4,2023-Q4,10,Oct,2023-10,2023-10-02,Sun
2023-10-09,2023,4,2023-Q4,10,Oct,2023-10,2023-10-09,Mon
2023-10-10,2023,4,2023-Q4,10,Oct,2023-10,2023-10-09,Tue
2023-10-11,2023,4,2023-Q4,10,Oct,2023-10,2023-10-09,Wed
2023-10-12,2023,4,2023-Q4,10,Oct,2023-10,2023-10-09,Thu
2023-10-13,2023,4,2023-Q4,10,Oct,2023-10,2023-10-09,Fri
2023-10-14,2023,4,2023-Q4,10,Oct,2023-10,2023-10-09,Sat
2023-10-15,2023,4,2023-Q4,10,Oct,2023-10,2023-10-09,Sun
2023-10-16,2023,4,2023-Q4,10,Oct,2023-10,2023-10-16,Mon
2023-10-17,2023,4,2023-Q4,10,Oct,2023-10,2023-10-16,Tue
2023-10-18,2023,4,2023-Q4,10,Oct,2023-10,2023-10-16,Wed
2023-10-19,2023,4,2023-Q4,10,Oct,2023-10,2023-10-16,Thu
2023-10-20,2023,4,2023-Q4,10,Oct,2023-10,2023-10-16,Fri
2023-10-21,2023,4,2023-Q4,10,Oct,2023-10,2023-10-16,Sat
2023-10-22,2023,4,2023-Q4,10,Oct,2023-10,2023-10-16,Sun
2023-10-23,2023,4,2023-Q4,10,Oct,2023-10,2023-10-23,Mon
2023-10-24,2023,4,2023-Q4,10,Oct,2023-10,2023-10-23,Tue
2023-10-25,2023,4,2023-Q4,10,Oct,2023-10,2023-10-23,Wed
2023-10-26,2023,4,2023-Q4,10,Oct,2023-10,2023-10-23,Thu
2023-10-27,2023,4,2023-Q4,10,Oct,2023-10,2023-10-23,Fri
2023-10-28,2023,4,2023-Q4,10,Oct,2023-10,2023-10-23,Sat
2023-10-29,2023,4,2023-Q4,10,Oct,2023-10,2023-10-23,Sun
2023-10-30,2023,4,2023-Q4,10,Oct,2023-10,2023-10-30,Mon
2023-10-31,2023,4,2023-Q4,10,Oct,2023-10,2023-10-30,Tue
2023-11-01,2023,4,2023-Q4,11,Nov,2023-11,2023-10-30,Wed
2023-11-02,2023,4,2023-Q4,11,Nov,2023-11,2023-10-30,Thu
2023-11-03,2023,4,2023-Q4,11,Nov,2023-11,2023-10-30,Fri
2023-11-04,2023,4,2023-Q4,11,Nov,2023-11,2023-10-30,Sat
2023-11-05,2023,4,2023-Q4,11,Nov,2023-11,2023-10-30,Sun
2023-11-06,2023,4,2023-Q4,11,Nov,2023-11,2023-11-06,Mon
2023-11-07,2023,4,2023-Q4,11,Nov,2023-11,2023-11-06,Tue
2023-11-08,2023,4,2023-Q4,11,Nov,2023-11,2023-11-06,Wed
2023-11-09,2023,4,2023-Q4,11,Nov,2023-11,2023-11-06,Thu
2023-11-10,2023,4,2023-Q4,11,Nov,2023-11,2023-11-06,Fri
2023-11-11,2023,4,2023-Q4,11,Nov,2023-11,2023-11-06,Sat
2023-11-12,2023,4,2023-Q4,11,Nov,2023-11,2023-11-06,Sun
2023-11-13,2023,4,2023-Q4,11,Nov,2023-11,2023-11-13,Mon
2023-11-14,2023,4,2023-Q4,11,Nov,2023-11,2023-11-13,Tue
2023-11-15,2023,4,2023-Q4,11,Nov,2023-11,2023-11-13,Wed
2023-11-16,2023,4,2023-Q4,11,Nov,2023-11,2023-11-13,Thu
2023-11-17,2023,4,2023-Q4,11,Nov,2023-11,2023-11-13,Fri
2023-11-18,2023,4,2023-Q4,11,Nov,2023-11,2023-11-13,Sat
2023-11-19,2023,4,2023-Q4,11,Nov,2023-11,2023-11-13,Sun
2023-11-20,2023,4,2023-Q4,11,Nov,2023-11,2023-11-20,Mon
2023-11-21,2023,4,2023-Q4,11,Nov,2023-11,2023-11-20,Tue
2023-11-22,2023,4,2023-Q4,11,Nov,2023-11,2023-11-20,Wed
2023-11-23,2023,4,2023-Q4,11,Nov,2023-11,2023-11-20,Thu
2023-11-24,2023,4,2023-Q4,11,Nov,2023-11,2023-11-20,Fri
2023-11-25,2023,4,2023-Q4,11,Nov,2023-11,2023-11-20,Sat
2023-11-26,2023,4,2023-Q4,11,Nov,2023-11,2023-11-20,Sun
2023-11-27,2023,4,2023-Q4,11,Nov,2023-11,2023-11-27,Mon
2023-11-28,2023,4,2023-Q4,11,Nov,2023-11,2023-11-27,Tue
2023-11-29,2023,4,2023-Q4,11,Nov,2023-11,2023-11-27,Wed
2023-11-30,2023,4,2023-Q4,11,Nov,2023-11,2023-11-27,Thu
2023-12-01,2023,4,2023-Q4,12,Dec,2023-12,2023-11-27,Fri
2023-12-02,2023,4,2023-Q4,12,Dec,2023-12,2023-11-27,Sat
2023-12-03,2023,4,2023-Q4,12,Dec,2023-12,2023-11-27,Sun
2023-12-04,2023,4,2023-Q4,12,Dec,2023-12,2023-12-04,Mon
2023-12-05,2023,4,2023-Q4,12,Dec,2023-12,2023-12-04,Tue
2023-12-06,2023,4,2023-Q4,12,Dec,2023-12,2023-12-04,Wed
2023-12-07,2023,4,2023-Q4,12,Dec,2023-12,2023-12-04,Thu
2023-12-08,2023,4,2023-Q4,12,Dec,2023-12,2023-12-04,Fri
2023-12-09,2023,4,2023-Q4,12,Dec,2023-12,2023-12-04,Sat
2023-12-10,2023,4,2023-Q4,12,Dec,2023-12,2023-12-04,Sun
2023-12-11,2023,4,2023-Q4,12,Dec,2023-12,2023-12-11,Mon
2023-12-12,2023,4,2023-Q4,12,Dec,2023-12,2023-12-11,Tue
2023-12-13,2023,4,2023-Q4,12,Dec,2023-12,2023-12-11,Wed
2023-12-14,2023,4,2023-Q4,12,Dec,2023-12,2023-12-11,Thu
2023-12-15,2023,4,2023-Q4,12,Dec,2023-12,2023-12-11,Fri
2023-12-16,2023,4,2023-Q4,12,Dec,2023-12,2023-12-11,Sat
2023-12-17,2023,4,2023-Q4,12,Dec,2023-12,2023-12-11,Sun
2023-12-18,2023,4,2023-Q4,12,Dec,2023-12,2023-12-18,Mon
2023-12-19,2023,4,2023-Q4,12,Dec,2023-12,2023-12-18,Tue
2023-12-20,2023,4,2023-Q4,12,Dec,2023-12,2023-12-18,Wed
2023-12-21,2023,4,2023-Q4,12,Dec,2023-12,2023-12-18,Thu
2023-12-22,2023,4,2023-Q4,12,Dec,2023-12,2023-12-18,Fri
2023-12-23,2023,4,2023-Q4,12,Dec,2023-12,2023-12-18,Sat
2023-12-24,2023,4,2023-Q4,12,Dec,2023-12,2023-12-18,Sun
2023-12-25,2023,4,2023-Q4,12,Dec,2023-12,2023-12-25,Mon
2023-12-26,2023,4,2023-Q4,12,Dec,2023-12,2023-12-25,Tue
2023-12-27,2023,4,2023-Q4,12,Dec,2023-12,2023-12-25,Wed
2023-12-28,2023,4,2023-Q4,12,Dec,2023-12,2023-12-25,Thu
2023-12-29,2023,4,2023-Q4,12,Dec,2023-12,2023-12-25,Fri
2023-12-30,2023,4,2023-Q4,12,Dec,2023-12,2023-12-25,Sat
2023-12-31,2023,4,2023-Q4,12,Dec,2023-12,2023-12-25,Sun
2024-01-01,2024,1,2024-Q1,1,Jan,2024-01,2024-01-01,Mon
2024-01-02,2024,1,2024-Q1,1,Jan,2024-01,2024-01-01,Tue
2024-01-03,2024,1,2024-Q1,1,Jan,2024-01,2024-01-01,Wed
2024-01-04,2024,1,2024-Q1,1,Jan,2024-01,2024-01-01,Thu
2024-01-05,2024,1,2024-Q1,1,Jan,2024-01,2024-01-01,Fri
2024-01-06,2024,1,2024-Q1,1,Jan,2024-01,2024-01-01,Sat
2024-01-07,2024,1,2024-Q1,1,Jan,2024-01,2024-01-01,Sun
2024-01-08,2024,1,2024-Q1,1,Jan,2024-01,2024-01-08,Mon
2024-01-09,2024,1,2024-Q1,1,Jan,2024-01,2024-01-08,Tue
2024-01-10,2024,1,2024-Q1,1,Jan,2024-01,2024-01-08,Wed
2024-01-11,2024,1,2024-Q1,1,Jan,2024-01,2024-01-08,Thu
2024-01-12,2024,1,2024-Q1,1,Jan,2024-01,2024-01-08,Fri
2024-01-13,2024,1,2024-Q1,1,Jan,2024-01,2024-01-08,Sat
2024-01-14,2024,1,2024-Q1,1,Jan,2024-01,2024-01-08,Sun
2024-01-15,2024,1,2024-Q1,1,Jan,2024-01,2024-01-15,Mon
2024-01-16,2024,1,2024-Q1,1,Jan,2024-01,2024-01-15,Tue
2024-01-17,2024,1,2024-Q1,1,Jan,2024-01,2024-01-15,Wed
2024-01-18,2024,1,2024-Q1,1,Jan,2024-01,2024-01-15,Thu
2024-01-19,2024,1,2024-Q1,1,Jan,2024-01,2024-01-15,Fri
2024-01-20,2024,1,2024-Q1,1,Jan,2024-01,2024-01-15,Sat
2024-01-21,2024,1,2024-Q1,1,Jan,2024-01,2024-01-15,Sun
2024-01-22,2024,1,2024-Q1,1,Jan,2024-01,2024-01-22,Mon
2024-01-23,2024,1,2024-Q1,1,Jan,2024-01,2024-01-22,Tue
2024-01-24,2024,1,2024-Q1,1,Jan,2024-01,2024-01-22,Wed
2024-01-25,2024,1,2024-Q1,1,Jan,2024-01,2024-01-22,Thu
2024-01-26,2024,1,2024-Q1,1,Jan,2024-01,2024-01-22,Fri
2024-01-27,2024,1,2024-Q1,1,Jan,2024-01,2024-01-22,Sat
2024-01-28,2024,1,2024-Q1,1,Jan,2024-01,2024-01-22,Sun
2024-01-29,2024,1,2024-Q1,1,Jan,2024-01,2024-01-29,Mon
2024-01-30,2024,1,2024-Q1,1,Jan,2024-01,2024-01-29,Tue
2024-01-31,2024,1,2024-Q1,1,Jan,2024-01,2024-01-29,Wed
2024-02-01,2024,1,2024-Q1,2,Feb,2024-02,2024-01-29,Thu
2024-02-02,2024,1,2024-Q1,2,Feb,2024-02,2024-01-29,Fri
2024-02-03,2024,1,2024-Q1,2,Feb,2024-02,2024-01-29,Sat
2024-02-04,2024,1,2024-Q1,2,Feb,2024-02,2024-01-29,Sun
2024-02-05,2024,1,2024-Q1,2,Feb,2024-02,2024-02-05,Mon
2024-02-06,2024,1,2024-Q1,2,Feb,2024-02,2024-02-05,Tue
2024-02-07,2024,1,2024-Q1,2,Feb,2024-02,2024-02-05,Wed
2024-02-08,2024,1,2024-Q1,2,Feb,2024-02,2024-02-05,Thu
2024-02-09,2024,1,2024-Q1,2,Feb,2024-02,2024-02-05,Fri
2024-02-10,2024,1,2024-Q1,2,Feb,2024-02,2024-02-05,Sat
2024-02-11,2024,1,2024-Q1,2,Feb,2024-02,2024-02-05,Sun
2024-02-12,2024,1,2024-Q1,2,Feb,2024-02,2024-02-12,Mon
2024-02-13,2024,1,2024-Q1,2,Feb,2024-02,2024-02-12,Tue
2024-02-14,2024,1,2024-Q1,2,Feb,2024-02,2024-02-12,Wed
2024-02-15,2024,1,2024-Q1,2,Feb,2024-02,2024-02-12,Thu
2024-02-16,2024,1,2024-Q1,2,Feb,2024-02,2024-02-12,Fri
2024-02-17,2024,1,2024-Q1,2,Feb,2024-02,2024-02-12,Sat
2024-02-18,2024,1,2024-Q1,2,Feb,2024-02,2024-02-12,Sun
2024-02-19,2024,1,2024-Q1,2,Feb,2024-02,2024-02-19,Mon
2024-02-20,2024,1,2024-Q1,2,Feb,2024-02,2024-02-19,Tue
2024-02-21,2024,1,2024-Q1,2,Feb,2024-02,2024-02-19,Wed
2024-02-22,2024,1,2024-Q1,2,Feb,2024-02,2024-02-19,Thu
2024-02-23,2024,1,2024-Q1,2,Feb,2024-02,2024-02-19,Fri
2024-02-24,2024,1,2024-Q1,2,Feb,2024-02,2024-02-19,Sat
2024-02-25,2024,1,2024-Q1,2,Feb,2024-02,2024-02-19,Sun
2024-02-26,2024,1,2024-Q1,2,Feb,2024-02,2024-02-26,Mon
2024-02-27,2024,1,2024-Q1,2,Feb,2024-02,2024-02-26,Tue
2024-02-28,2024,1,2024-Q1,2,Feb,2024-02,2024-02-26,Wed
2024-02-29,2024,1,2024-Q1,2,Feb,2024-02,2024-02-26,Thu
2024-03-01,2024,1,2024-Q1,3,Mar,2024-03,2024-02-26,Fri
2024-03-02,2024,1,2024-Q1,3,Mar,2024-03,2024-02-26,Sat
2024-03-03,2024,1,2024-Q1,3,Mar,2024-03,2024-02-26,Sun
2024-03-04,2024,1,2024-Q1,3,Mar,2024-03,2024-03-04,Mon
2024-03-05,2024,1,2024-Q1,3,Mar,2024-03,2024-03-04,Tue
2024-03-06,2024,1,2024-Q1,3,Mar,2024-03,2024-03-04,Wed
2024-03-07,2024,1,2024-Q1,3,Mar,2024-03,2024-03-04,Thu
2024-03-08,2024,1,2024-Q1,3,Mar,2024-03,2024-03-04,Fri
2024-03-09,2024,1,2024-Q1,3,Mar,2024-03,2024-03-04,Sat
2024-03-10,2024,1,2024-Q1,3,Mar,2024-03,2024-03-04,Sun
2024-03-11,2024,1,2024-Q1,3,Mar,2024-03,2024-03-11,Mon
2024-03-12,2024,1,2024-Q1,3,Mar,2024-03,2024-03-11,Tue
2024-03-13,2024,1,2024-Q1,3,Mar,2024-03,2024-03-11,Wed
2024-03-14,2024,1,2024-Q1,3,Mar,2024-03,2024-03-11,Thu
2024-03-15,2024,1,2024-Q1,3,Mar,2024-03,2024-03-11,Fri
2024-03-16,2024,1,2024-Q1,3,Mar,2024-03,2024-03-11,Sat
2024-03-17,2024,1,2024-Q1,3,Mar,2024-03,2024-03-11,Sun
2024-03-18,2024,1,2024-Q1,3,Mar,2024-03,2024-03-18,Mon
2024-03-19,2024,1,2024-Q1,3,Mar,2024-03,2024-03-18,Tue
2024-03-20,2024,1,2024-Q1,3,Mar,2024-03,2024-03-18,Wed
2024-03-21,2024,1,2024-Q1,3,Mar,2024-03,2024-03-18,Thu
2024-03-22,2024,1,2024-Q1,3,Mar,2024-03,2024-03-18,Fri
2024-03-23,2024,1,2024-Q1,3,Mar,2024-03,2024-03-18,Sat
2024-03-24,2024,1,2024-Q1,3,Mar,2024-03,2024-03-18,Sun
2024-03-25,2024,1,2024-Q1,3,Mar,2024-03,2024-03-25,Mon
2024-03-26,2024,1,2024-Q1,3,Mar,2024-03,2024-03-25,Tue
2024-03-27,2024,1,2024-Q1,3,Mar,2024-03,2024-03-25,Wed
2024-03-28,2024,1,2024-Q1,3,Mar,2024-03,2024-03-25,Thu
2024-03-29,2024,1,2024-Q1,3,Mar,2024-03,2024-03-25,Fri
2024-03-30,2024,1,2024-Q1,3,Mar,2024-03,2024-03-25,Sat
2024-03-31,2024,1,2024-Q1,3,Mar,2024-03,2024-03-25,Sun
2024-04-01,2024,2,2024-Q2,4,Apr,2024-04,2024-04-01,Mon
2024-04-02,2024,2,2024-Q2,4,Apr,2024-04,2024-04-01,Tue
2024-04-03,2024,2,2024-Q2,4,Apr,2024-04,2024-04-01,Wed
2024-04-04,2024,2,2024-Q2,4,Apr,2024-04,2024-04-01,Thu
2024-04-05,2024,2,2024-Q2,4,Apr,2024-04,2024-04-01,Fri
2024-04-06,2024,2,2024-Q2,4,Apr,2024-04,2024-04-01,Sat
2024-04-07,2024,2,2024-Q2,4,Apr,2024-04,2024-04-01,Sun
2024-04-08,2024,2,2024-Q2,4,Apr,2024-04,2024-04-08,Mon
2024-04-09,2024,2,2024-Q2,4,Apr,2024-04,2024-04-08,Tue
2024-04-10,2024,2,2024-Q2,4,Apr,2024-04,2024-04-08,Wed
2024-04-11,2024,2,2024-Q2,4,Apr,2024-04,2024-04-08,Thu
2024-04-12,2024,2,2024-Q2,4,Apr,2024-04,2024-04-08,Fri
2024-04-13,2024,2,2024-Q2,4,Apr,2024-04,2024-04-08,Sat
2024-04-14,2024,2,2024-Q2,4,Apr,2024-04,2024-04-08,Sun
2024-04-15,2024,2,2024-Q2,4,Apr,2024-04,2024-04-15,Mon
2024-04-16,2024,2,2024-Q2,4,Apr,2024-04,2024-04-15,Tue
2024-04-17,2024,2,2024-Q2,4,Apr,2024-04,2024-04-15,Wed
2024-04-18,2024,2,2024-Q2,4,Apr,2024-04,2024-04-15,Thu
2024-04-19,2024,2,2024-Q2,4,Apr,2024-04,2024-04-15,Fri
2024-04-20,2024,2,2024-Q2,4,Apr,2024-04,2024-04-15,Sat
2024-04-21,2024,2,2024-Q2,4,Apr,2024-04,2024-04-15,Sun
2024-04-22,2024,2,2024-Q2,4,Apr,2024-04,2024-04-22,Mon
2024-04-23,2024,2,2024-Q2,4,Apr,2024-04,2024-04-22,Tue
2024-04-24,2024,2,2024-Q2,4,Apr,2024-04,2024-04-22,Wed
2024-04-25,2024,2,2024-Q2,4,Apr,2024-04,2024-04-22,Thu
2024-04-26,2024,2,2024-Q2,4,Apr,2024-04,2024-04-22,Fri
2024-04-27,2024,2,2024-Q2,4,Apr,2024-04,2024-04-22,Sat
2024-04-28,2024,2,2024-Q2,4,Apr,2024-04,2024-04-22,Sun
2024-04-29,2024,2,2024-Q2,4,Apr,2024-04,2024-04-29,Mon
2024-04-30,2024,2,2024-Q2,4,Apr,2024-04,2024-04-29,Tue
2024-05-01,2024,2,2024-Q2,5,May,2024-05,2024-04-29,Wed
2024-05-02,2024,2,2024-Q2,5,May,2024-05,2024-04-29,Thu
2024-05-03,2024,2,2024-Q2,5,May,2024-05,2024-04-29,Fri
2024-05-04,2024,2,2024-Q2,5,May,2024-05,2024-04-29,Sat
2024-05-05,2024,2,2024-Q2,5,May,2024-05,2024-04-29,Sun
2024-05-06,2024,2,2024-Q2,5,May,2024-05,2024-05-06,Mon
2024-05-07,2024,2,2024-Q2,5,May,2024-05,2024-05-06,Tue
2024-05-08,2024,2,2024-Q2,5,May,2024-05,2024-05-06,Wed
2024-05-09,2024,2,2024-Q2,5,May,2024-05,2024-05-06,Thu
2024-05-10,2024,2,2024-Q2,5,May,2024-05,2024-05-06,Fri
2024-05-11,2024,2,2024-Q2,5,May,2024-05,2024-05-06,Sat
2024-05-12,2024,2,2024-Q2,5,May,2024-05,2024-05-06,Sun
2024-05-13,2024,2,2024-Q2,5,May,2024-05,2024-05-13,Mon
2024-05-14,2024,2,2024-Q2,5,May,2024-05,2024-05-13,Tue
2024-05-15,2024,2,2024-Q2,5,May,2024-05,2024-05-13,Wed
2024-05-16,2024,2,2024-Q2,5,May,2024-05,2024-05-13,Thu
2024-05-17,2024,2,2024-Q2,5,May,2024-05,2024-05-13,Fri
2024-05-18,2024,2,2024-Q2,5,May,2024-05,2024-05-13,Sat
2024-05-19,2024,2,2024-Q2,5,May,2024-05,2024-05-13,Sun
2024-05-20,2024,2,2024-Q2,5,May,2024-05,2024-05-20,Mon
2024-05-21,2024,2,2024-Q2,5,May,2024-05,2024-05-20,Tue
2024-05-22,2024,2,2024-Q2,5,May,2024-05,2024-05-20,Wed
2024-05-23,2024,2,2024-Q2,5,May,2024-05,2024-05-20,Thu
2024-05-24,2024,2,2024-Q2,5,May,2024-05,2024-05-20,Fri
2024-05-25,2024,2,2024-Q2,5,May,2024-05,2024-05-20,Sat
2024-05-26,2024,2,2024-Q2,5,May,2024-05,2024-05-20,Sun
2024-05-27,2024,2,2024-Q2,5,May,2024-05,2024-05-27,Mon
2024-05-28,2024,2,2024-Q2,5,May,2024-05,2024-05-27,Tue
2024-05-29,2024,2,2024-Q2,5,May,2024-05,2024-05-27,Wed
2024-05-30,2024,2,2024-Q2,5,May,2024-05,2024-05-27,Thu
2024-05-31,2024,2,2024-Q2,5,May,2024-05,2024-05-27,Fri
2024-06-01,2024,2,2024-Q2,6,Jun,2024-06,2024-05-27,Sat
2024-06-02,2024,2,2024-Q2,6,Jun,2024-06,2024-05-27,Sun
2024-06-03,2024,2,2024-Q2,6,Jun,2024-06,2024-06-03,Mon
2024-06-04,2024,2,2024-Q2,6,Jun,2024-06,2024-06-03,Tue
2024-06-05,2024,2,2024-Q2,6,Jun,2024-06,2024-06-03,Wed
2024-06-06,2024,2,2024-Q2,6,Jun,2024-06,2024-06-03,Thu
2024-06-07,2024,2,2024-Q2,6,Jun,2024-06,2024-06-03,Fri
2024-06-08,2024,2,2024-Q2,6,Jun,2024-06,2024-06-03,Sat
2024-06-09,2024,2,2024-Q2,6,Jun,2024-06,2024-06-03,Sun
2024-06-10,2024,2,2024-Q2,6,Jun,2024-06,2024-06-10,Mon
2024-06-11,2024,2,2024-Q2,6,Jun,2024-06,2024-06-10,Tue
2024-06-12,2024,2,2024-Q2,6,Jun,2024-06,2024-06-10,Wed
2024-06-13,2024,2,2024-Q2,6,Jun,2024-06,2024-06-10,Thu
2024-06-14,2024,2,2024-Q2,6,Jun,2024-06,2024-06-10,Fri
2024-06-15,2024,2,2024-Q2,6,Jun,2024-06,2024-06-10,Sat
2024-06-16,2024,2,2024-Q2,6,Jun,2024-06,2024-06-10,Sun
2024-06-17,2024,2,2024-Q2,6,Jun,2024-06,2024-06-17,Mon
2024-06-18,2024,2,2024-Q2,6,Jun,2024-06,2024-06-17,Tue
2024-06-19,2024,2,2024-Q2,6,Jun,2024-06,2024-06-17,Wed
2024-06-20,2024,2,2024-Q2,6,Jun,2024-06,2024-06-17,Thu
2024-06-21,2024,2,2024-Q2,6,Jun,2024-06,2024-06-17,Fri
2024-06-22,2024,2,2024-Q2,6,Jun,2024-06,2024-06-17,Sat
2024-06-23,2024,2,2024-Q2,6,Jun,2024-06,2024-06-17,Sun
2024-06-24,2024,2,2024-Q2,6,Jun,2024-06,2024-06-24,Mon
2024-06-25,2024,2,2024-Q2,6,Jun,2024-06,2024-06-24,Tue
2024-06-26,2024,2,2024-Q2,6,Jun,2024-06,2024-06-24,Wed
2024-06-27,2024,2,2024-Q2,6,Jun,2024-06,2024-06-24,Thu
2024-06-28,2024,2,2024-Q2,6,Jun,2024-06,2024-06-24,Fri
2024-06-29,2024,2,2024-Q2,6,Jun,2024-06,2024-06-24,Sat
2024-06-30,2024,2,2024-Q2,6,Jun,2024-06,2024-06-24,Sun
2024-07-01,2024,3,2024-Q3,7,Jul,2024-07,2024-07-01,Mon
2024-07-02,2024,3,2024-Q3,7,Jul,2024-07,2024-07-01,Tue
2024-07-03,2024,3,2024-Q3,7,Jul,2024-07,2024-07-01,Wed
2024-07-04,2024,3,2024-Q3,7,Jul,2024-07,2024-07-01,Thu
2024-07-05,2024,3,2024-Q3,7,Jul,2024-07,2024-07-01,Fri
2024-07-06,2024,3,2024-Q3,7,Jul,2024-07,2024-07-01,Sat
2024-07-07,2024,3,2024-Q3,7,Jul,2024-07,2024-07-01,Sun
2024-07-08,2024,3,2024-Q3,7,Jul,2024-07,2024-07-08,Mon
2024-07-09,2024,3,2024-Q3,7,Jul,2024-07,2024-07-08,Tue
2024-07-10,2024,3,2024-Q3,7,Jul,2024-07,2024-07-08,Wed
2024-07-11,2024,3,2024-Q3,7,Jul,2024-07,2024-07-08,Thu
2024-07-12,2024,3,2024-Q3,7,Jul,2024-07,2024-07-08,Fri
2024-07-13,2024,3,2024-Q3,7,Jul,2024-07,2024-07-08,Sat
2024-07-14,2024,3,2024-Q3,7,Jul,2024-07,2024-07-08,Sun
2024-07-15,2024,3,2024-Q3,7,Jul,2024-07,2024-07-15,Mon
2024-07-16,2024,3,2024-Q3,7,Jul,2024-07,2024-07-15,Tue
2024-07-17,2024,3,2024-Q3,7,Jul,2024-07,2024-07-15,Wed
2024-07-18,2024,3,2024-Q3,7,Jul,2024-07,2024-07-15,Thu
2024-07-19,2024,3,2024-Q3,7,Jul,2024-07,2024-07-15,Fri
2024-07-20,2024,3,2024-Q3,7,Jul,2024-07,2024-07-15,Sat
2024-07-21,2024,3,2024-Q3,7,Jul,2024-07,2024-07-15,Sun
2024-07-22,2024,3,2024-Q3,7,Jul,2024-07,2024-07-22,Mon
2024-07-23,2024,3,2024-Q3,7,Jul,2024-07,2024-07-22,Tue
2024-07-24,2024,3,2024-Q3,7,Jul,2024-07,2024-07-22,Wed
2024-07-25,2024,3,2024-Q3,7,Jul,2024-07,2024-07-22,Thu
2024-07-26,2024,3,2024-Q3,7,Jul,2024-07,2024-07-22,Fri
2024-07-27,2024,3,2024-Q3,7,Jul,2024-07,2024-07-22,Sat
2024-07-28,2024,3,2024-Q3,7,Jul,2024-07,2024-07-22,Sun
2024-07-29,2024,3,2024-Q3,7,Jul,2024-07,2024-07-29,Mon
2024-07-30,2024,3,2024-Q3,7,Jul,2024-07,2024-07-29,Tue
2024-07-31,2024,3,2024-Q3,7,Jul,2024-07,2024-07-29,Wed
2024-08-01,2024,3,2024-Q3,8,Aug,2024-08,2024-07-29,Thu
2024-08-02,2024,3,2024-Q3,8,Aug,2024-08,2024-07-29,Fri
2024-08-03,2024,3,2024-Q3,8,Aug,2024-08,2024-07-29,Sat
2024-08-04,2024,3,2024-Q3,8,Aug,2024-08,2024-07-29,Sun
2024-08-05,2024,3,2024-Q3,8,Aug,2024-08,2024-08-05,Mon
2024-08-06,2024,3,2024-Q3,8,Aug,2024-08,2024-08-05,Tue
2024-08-07,2024,3,2024-Q3,8,Aug,2024-08,2024-08-05,Wed
2024-08-08,2024,3,2024-Q3,8,Aug,2024-08,2024-08-05,Thu
2024-08-09,2024,3,2024-Q3,8,Aug,2024-08,2024-08-05,Fri
2024-08-10,2024,3,2024-Q3,8,Aug,2024-08,2024-08-05,Sat
2024-08-11,2024,3,2024-Q3,8,Aug,2024-08,2024-08-05,Sun
2024-08-12,2024,3,2024-Q3,8,Aug,2024-08,2024-08-12,Mon
2024-08-13,2024,3,2024-Q3,8,Aug,2024-08,2024-08-12,Tue
2024-08-14,2024,3,2024-Q3,8,Aug,2024-08,2024-08-12,Wed
2024-08-15,2024,3,2024-Q3,8,Aug,2024-08,2024-08-12,Thu
2024-08-16,2024,3,2024-Q3,8,Aug,2024-08,2024-08-12,Fri
2024-08-17,2024,3,2024-Q3,8,Aug,2024-08,2024-08-12,Sat
2024-08-18,2024,3,2024-Q3,8,Aug,2024-08,2024-08-12,Sun
2024-08-19,2024,3,2024-Q3,8,Aug,2024-08,2024-08-19,Mon
2024-08-20,2024,3,2024-Q3,8,Aug,2024-08,2024-08-19,Tue
2024-08-21,2024,3,2024-Q3,8,Aug,2024-08,2024-08-19,Wed
2024-08-22,2024,3,2024-Q3,8,Aug,2024-08,2024-08-19,Thu
2024-08-23,2024,3,2024-Q3,8,Aug,2024-08,2024-08-19,Fri
2024-08-24,2024,3,2024-Q3,8,Aug,2024-08,2024-08-19,Sat
2024-08-25,2024,3,2024-Q3,8,Aug,2024-08,2024-08-19,Sun
2024-08-26,2024,3,2024-Q3,8,Aug,2024-08,2024-08-26,Mon
2024-08-27,2024,3,2024-Q3,8,Aug,2024-08,2024-08-26,Tue
2024-08-28,2024,3,2024-Q3,8,Aug,2024-08,2024-08-26,Wed
2024-08-29,2024,3,2024-Q3,8,Aug,2024-08,2024-08-26,Thu
2024-08-30,2024,3,2024-Q3,8,Aug,2024-08,2024-08-26,Fri
2024-08-31,2024,3,2024-Q3,8,Aug,2024-08,2024-08-26,Sat
2024-09-01,2024,3,2024-Q3,9,Sep,2024-09,2024-08-26,Sun
2024-09-02,2024,3,2024-Q3,9,Sep,2024-09,2024-09-02,Mon
2024-09-03,2024,3,2024-Q3,9,Sep,2024-09,2024-09-02,Tue
2024-09-04,2024,3,2024-Q3,9,Sep,2024-09,2024-09-02,Wed
2024-09-05,2024,3,2024-Q3,9,Sep,2024-09,2024-09-02,Thu
2024-09-06,2024,3,2024-Q3,9,Sep,2024-09,2024-09-02,Fri
2024-09-07,2024,3,2024-Q3,9,Sep,2024-09,2024-09-02,Sat
2024-09-08,2024,3,2024-Q3,9,Sep,2024-09,2024-09-02,Sun
2024-09-09,2024,3,2024-Q3,9,Sep,2024-09,2024-09-09,Mon
2024-09-10,2024,3,2024-Q3,9,Sep,2024-09,2024-09-09,Tue
2024-09-11,2024,3,2024-Q3,9,Sep,2024-09,2024-09-09,Wed
2024-09-12,2024,3,2024-Q3,9,Sep,2024-09,2024-09-09,Thu
2024-09-13,2024,3,2024-Q3,9,Sep,2024-09,2024-09-09,Fri
2024-09-14,2024,3,2024-Q3,9,Sep,2024-09,2024-09-09,Sat
2024-09-15,2024,3,2024-Q3,9,Sep,2024-09,2024-09-09,Sun
2024-09-16,2024,3,2024-Q3,9,Sep,2024-09,2024-09-16,Mon
2024-09-17,2024,3,2024-Q3,9,Sep,2024-09,2024-09-16,Tue
2024-09-18,2024,3,2024-Q3,9,Sep,2024-09,2024-09-16,Wed
2024-09-19,2024,3,2024-Q3,9,Sep,2024-09,2024-09-16,Thu
2024-09-20,2024,3,2024-Q3,9,Sep,2024-09,2024-09-16,Fri
2024-09-21,2024,3,2024-Q3,9,Sep,2024-09,2024-09-16,Sat
2024-09-22,2024,3,2024-Q3,9,Sep,2024-09,2024-09-16,Sun
2024-09-23,2024,3,2024-Q3,9,Sep,2024-09,2024-09-23,Mon
2024-09-24,2024,3,2024-Q3,9,Sep,2024-09,2024-09-23,Tue
2024-09-25,2024,3,2024-Q3,9,Sep,2024-09,2024-09-23,Wed
2024-09-26,2024,3,2024-Q3,9,Sep,2024-09,2024-09-23,Thu
2024-09-27,2024,3,2024-Q3,9,Sep,2024-09,2024-09-23,Fri
2024-09-28,2024,3,2024-Q3,9,Sep,2024-09,2024-09-23,Sat
2024-09-29,2024,3,2024-Q3,9,Sep,2024-09,2024-09-23,Sun
2024-09-30,2024,3,2024-Q3,9,Sep,2024-09,2024-09-30,Mon
2024-10-01,2024,4,2024-Q4,10,Oct,2024-10,2024-09-30,Tue
2024-10-02,2024,4,2024-Q4,10,Oct,2024-10,2024-09-30,Wed
2024-10-03,2024,4,2024-Q4,10,Oct,2024-10,2024-09-30,Thu
2024-10-04,2024,4,2024-Q4,10,Oct,2024-10,2024-09-30,Fri
2024-10-05,2024,4,2024-Q4,10,Oct,2024-10,2024-09-30,Sat
2024-10-06,2024,4,2024-Q4,10,Oct,2024-10,2024-09-30,Sun
2024-10-07,2024,4,2024-Q4,10,Oct,2024-10,2024-10-07,Mon
2024-10-08,2024,4,2024-Q4,10,Oct,2024-10,2024-10-07,Tue
2024-10-09,2024,4,2024-Q4,10,Oct,2024-10,2024-10-07,Wed
2024-10-10,2024,4,2024-Q4,10,Oct,2024-10,2024-10-07,Thu
2024-10-11,2024,4,2024-Q4,10,Oct,2024-10,2024-10-07,Fri
2024-10-12,2024,4,2024-Q4,10,Oct,2024-10,2024-10-07,Sat
2024-10-13,2024,4,2024-Q4,10,Oct,2024-10,2024-10-07,Sun
2024-10-14,2024,4,2024-Q4,10,Oct,2024-10,2024-10-14,Mon
2024-10-15,2024,4,2024-Q4,10,Oct,2024-10,2024-10-14,Tue
2024-10-16,2024,4,2024-Q4,10,Oct,2024-10,2024-10-14,Wed
2024-10-17,2024,4,2024-Q4,10,Oct,2024-10,2024-10-14,Thu
2024-10-18,2024,4,2024-Q4,10,Oct,2024-10,2024-10-14,Fri
2024-10-19,2024,4,2024-Q4,10,Oct,2024-10,2024-10-14,Sat
2024-10-20,2024,4,2024-Q4,10,Oct,2024-10,2024-10-14,Sun
2024-10-21,2024,4,2024-Q4,10,Oct,2024-10,2024-10-21,Mon
2024-10-22,2024,4,2024-Q4,10,Oct,2024-10,2024-10-21,Tue
2024-10-23,2024,4,2024-Q4,10,Oct,2024-10,2024-10-21,Wed
2024-10-24,2024,4,2024-Q4,10,Oct,2024-10,2024-10-21,Thu
2024-10-25,2024,4,2024-Q4,10,Oct,2024-10,2024-10-21,Fri
2024-10-26,2024,4,2024-Q4,10,Oct,2024-10,2024-10-21,Sat
2024-10-27,2024,4,2024-Q4,10,Oct,2024-10,2024-10-21,Sun
2024-10-28,2024,4,2024-Q4,10,Oct,2024-10,2024-10-28,Mon
2024-10-29,2024,4,2024-Q4,10,Oct,2024-10,2024-10-28,Tue
2024-10-30,2024,4,2024-Q4,10,Oct,2024-10,2024-10-28,Wed
2024-10-31,2024,4,2024-Q4,10,Oct,2024-10,2024-10-28,Thu
2024-11-01,2024,4,2024-Q4,11,Nov,2024-11,2024-10-28,Fri
2024-11-02,2024,4,2024-Q4,11,Nov,2024-11,2024-10-28,Sat
2024-11-03,2024,4,2024-Q4,11,Nov,2024-11,2024-10-28,Sun
2024-11-04,2024,4,2024-Q4,11,Nov,2024-11,2024-11-04,Mon
2024-11-05,2024,4,2024-Q4,11,Nov,2024-11,2024-11-04,Tue
2024-11-06,2024,4,2024-Q4,11,Nov,2024-11,2024-11-04,Wed
2024-11-07,2024,4,2024-Q4,11,Nov,2024-11,2024-11-04,Thu
2024-11-08,2024,4,2024-Q4,11,Nov,2024-11,2024-11-04,Fri
2024-11-09,2024,4,2024-Q4,11,Nov,2024-11,2024-11-04,Sat
2024-11-10,2024,4,2024-Q4,11,Nov,2024-11,2024-11-04,Sun
2024-11-11,2024,4,2024-Q4,11,Nov,2024-11,2024-11-11,Mon
2024-11-12,2024,4,2024-Q4,11,Nov,2024-11,2024-11-11,Tue
2024-11-13,2024,4,2024-Q4,11,Nov,2024-11,2024-11-11,Wed
2024-11-14,2024,4,2024-Q4,11,Nov,2024-11,2024-11-11,Thu
2024-11-15,2024,4,2024-Q4,11,Nov,2024-11,2024-11-11,Fri
2024-11-16,2024,4,2024-Q4,11,Nov,2024-11,2024-11-11,Sat
2024-11-17,2024,4,2024-Q4,11,Nov,2024-11,2024-11-11,Sun
2024-11-18,2024,4,2024-Q4,11,Nov,2024-11,2024-11-18,Mon
2024-11-19,2024,4,2024-Q4,11,Nov,2024-11,2024-11-18,Tue
2024-11-20,2024,4,2024-Q4,11,Nov,2024-11,2024-11-18,Wed
2024-11-21,2024,4,2024-Q4,11,Nov,2024-11,2024-11-18,Thu
2024-11-22,2024,4,2024-Q4,11,Nov,2024-11,2024-11-18,Fri
2024-11-23,2024,4,2024-Q4,11,Nov,2024-11,2024-11-18,Sat
2024-11-24,2024,4,2024-Q4,11,Nov,2024-11,2024-11-18,Sun
2024-11-25,2024,4,2024-Q4,11,Nov,2024-11,2024-11-25,Mon
2024-11-26,2024,4,2024-Q4,11,Nov,2024-11,2024-11-25,Tue
2024-11-27,2024,4,2024-Q4,11,Nov,2024-11,2024-11-25,Wed
2024-11-28,2024,4,2024-Q4,11,Nov,2024-11,2024-11-25,Thu
2024-11-29,2024,4,2024-Q4,11,Nov,2024-11,2024-11-25,Fri
2024-11-30,2024,4,2024-Q4,11,Nov,2024-11,2024-11-25,Sat
2024-12-01,2024,4,2024-Q4,12,Dec,2024-12,2024-11-25,Sun
2024-12-02,2024,4,2024-Q4,12,Dec,2024-12,2024-12-02,Mon
2024-12-03,2024,4,2024-Q4,12,Dec,2024-12,2024-12-02,Tue
2024-12-04,2024,4,2024-Q4,12,Dec,2024-12,2024-12-02,Wed
2024-12-05,2024,4,2024-Q4,12,Dec,2024-12,2024-12-02,Thu
2024-12-06,2024,4,2024-Q4,12,Dec,2024-12,2024-12-02,Fri
2024-12-07,2024,4,2024-Q4,12,Dec,2024-12,2024-12-02,Sat
2024-12-08,2024,4,2024-Q4,12,Dec,2024-12,2024-12-02,Sun
2024-12-09,2024,4,2024-Q4,12,Dec,2024-12,2024-12-09,Mon
2024-12-10,2024,4,2024-Q4,12,Dec,2024-12,2024-12-09,Tue
2024-12-11,2024,4,2024-Q4,12,Dec,2024-12,2024-12-09,Wed
2024-12-12,2024,4,2024-Q4,12,Dec,2024-12,2024-12-09,Thu
2024-12-13,2024,4,2024-Q4,12,Dec,2024-12,2024-12-09,Fri
2024-12-14,2024,4,2024-Q4,12,Dec,2024-12,2024-12-09,Sat
2024-12-15,2024,4,2024-Q4,12,Dec,2024-12,2024-12-09,Sun
2024-12-16,2024,4,2024-Q4,12,Dec,2024-12,2024-12-16,Mon
2024-12-17,2024,4,2024-Q4,12,Dec,2024-12,2024-12-16,Tue
2024-12-18,2024,4,2024-Q4,12,Dec,2024-12,2024-12-16,Wed
2024-12-19,2024,4,2024-Q4,12,Dec,2024-12,2024-12-16,Thu
2024-12-20,2024,4,2024-Q4,12,Dec,2024-12,2024-12-16,Fri
2024-12-21,2024,4,2024-Q4,12,Dec,2024-12,2024-12-16,Sat
2024-12-22,2024,4,2024-Q4,12,Dec,2024-12,2024-12-16,Sun
2024-12-23,2024,4,2024-Q4,12,Dec,2024-12,2024-12-23,Mon
2024-12-24,2024,4,2024-Q4,12,Dec,2024-12,2024-12-23,Tue
2024-12-25,2024,4,2024-Q4,12,Dec,2024-12,2024-12-23,Wed
2024-12-26,2024,4,2024-Q4,12,Dec,2024-12,2024-12-23,Thu
2024-12-27,2024,4,2024-Q4,12,Dec,2024-12,2024-12-23,Fri
2024-12-28,2024,4,2024-Q4,12,Dec,2024-12,2024-12-23,Sat
2024-12-29,2024,4,2024-Q4,12,Dec,2024-12,2024-12-23,Sun
2024-12-30,2024,4,2024-Q4,12,Dec,2024-12,2024-12-30,Mon
2024-12-31,2024,4,2024-Q4,12,Dec,2024-12,2024-12-30,Tue
2025-01-01,2025,1,2025-Q1,1,Jan,2025-01,2024-12-30,Wed
2025-01-02,2025,1,2025-Q1,1,Jan,2025-01,2024-12-30,Thu
2025-01-03,2025,1,2025-Q1,1,Jan,2025-01,2024-12-30,Fri
2025-01-04,2025,1,2025-Q1,1,Jan,2025-01,2024-12-30,Sat
2025-01-05,2025,1,2025-Q1,1,Jan,2025-01,2024-12-30,Sun
2025-01-06,2025,1,2025-Q1,1,Jan,2025-01,2025-01-06,Mon
2025-01-07,2025,1,2025-Q1,1,Jan,2025-01,2025-01-06,Tue
2025-01-08,2025,1,2025-Q1,1,Jan,2025-01,2025-01-06,Wed
2025-01-09,2025,1,2025-Q1,1,Jan,2025-01,2025-01-06,Thu
2025-01-10,2025,1,2025-Q1,1,Jan,2025-01,2025-01-06,Fri
2025-01-11,2025,1,2025-Q1,1,Jan,2025-01,2025-01-06,Sat
2025-01-12,2025,1,2025-Q1,1,Jan,2025-01,2025-01-06,Sun
2025-01-13,2025,1,2025-Q1,1,Jan,2025-01,2025-01-13,Mon
2025-01-14,2025,1,2025-Q1,1,Jan,2025-01,2025-01-13,Tue
2025-01-15,2025,1,2025-Q1,1,Jan,2025-01,2025-01-13,Wed
2025-01-16,2025,1,2025-Q1,1,Jan,2025-01,2025-01-13,Thu
2025-01-17,2025,1,2025-Q1,1,Jan,2025-01,2025-01-13,Fri
2025-01-18,2025,1,2025-Q1,1,Jan,2025-01,2025-01-13,Sat
2025-01-19,2025,1,2025-Q1,1,Jan,2025-01,2025-01-13,Sun
2025-01-20,2025,1,2025-Q1,1,Jan,2025-01,2025-01-20,Mon
2025-01-21,2025,1,2025-Q1,1,Jan,2025-01,2025-01-20,Tue
2025-01-22,2025,1,2025-Q1,1,Jan,2025-01,2025-01-20,Wed
2025-01-23,2025,1,2025-Q1,1,Jan,2025-01,2025-01-20,Thu
2025-01-24,2025,1,2025-Q1,1,Jan,2025-01,2025-01-20,Fri
2025-01-25,2025,1,2025-Q1,1,Jan,2025-01,2025-01-20,Sat
2025-01-26,2025,1,2025-Q1,1,Jan,2025-01,2025-01-20,Sun
2025-01-27,2025,1,2025-Q1,1,Jan,2025-01,2025-01-27,Mon
2025-01-28,2025,1,2025-Q1,1,Jan,2025-01,2025-01-27,Tue
2025-01-29,2025,1,2025-Q1,1,Jan,2025-01,2025-01-27,Wed
2025-01-30,2025,1,2025-Q1,1,Jan,2025-01,2025-01-27,Thu
2025-01-31,2025,1,2025-Q1,1,Jan,2025-01,2025-01-27,Fri
2025-02-01,2025,1,2025-Q1,2,Feb,2025-02,2025-01-27,Sat
2025-02-02,2025,1,2025-Q1,2,Feb,2025-02,2025-01-27,Sun
2025-02-03,2025,1,2025-Q1,2,Feb,2025-02,2025-02-03,Mon
2025-02-04,2025,1,2025-Q1,2,Feb,2025-02,2025-02-03,Tue
2025-02-05,2025,1,2025-Q1,2,Feb,2025-02,2025-02-03,Wed
2025-02-06,2025,1,2025-Q1,2,Feb,2025-02,2025-02-03,Thu
2025-02-07,2025,1,2025-Q1,2,Feb,2025-02,2025-02-03,Fri
2025-02-08,2025,1,2025-Q1,2,Feb,2025-02,2025-02-03,Sat
2025-02-09,2025,1,2025-Q1,2,Feb,2025-02,2025-02-03,Sun
2025-02-10,2025,1,2025-Q1,2,Feb,2025-02,2025-02-10,Mon
2025-02-11,2025,1,2025-Q1,2,Feb,2025-02,2025-02-10,Tue
2025-02-12,2025,1,2025-Q1,2,Feb,2025-02,2025-02-10,Wed
2025-02-13,2025,1,2025-Q1,2,Feb,2025-02,2025-02-10,Thu
2025-02-14,2025,1,2025-Q1,2,Feb,2025-02,2025-02-10,Fri
2025-02-15,2025,1,2025-Q1,2,Feb,2025-02,2025-02-10,Sat
2025-02-16,2025,1,2025-Q1,2,Feb,2025-02,2025-02-10,Sun
2025-02-17,2025,1,2025-Q1,2,Feb,2025-02,2025-02-17,Mon
2025-02-18,2025,1,2025-Q1,2,Feb,2025-02,2025-02-17,Tue
2025-02-19,2025,1,2025-Q1,2,Feb,2025-02,2025-02-17,Wed
2025-02-20,2025,1,2025-Q1,2,Feb,2025-02,2025-02-17,Thu
2025-02-21,2025,1,2025-Q1,2,Feb,2025-02,2025-02-17,Fri
2025-02-22,2025,1,2025-Q1,2,Feb,2025-02,2025-02-17,Sat
2025-02-23,2025,1,2025-Q1,2,Feb,2025-02,2025-02-17,Sun
2025-02-24,2025,1,2025-Q1,2,Feb,2025-02,2025-02-24,Mon
2025-02-25,2025,1,2025-Q1,2,Feb,2025-02,2025-02-24,Tue
2025-02-26,2025,1,2025-Q1,2,Feb,2025-02,2025-02-24,Wed
2025-02-27,2025,1,2025-Q1,2,Feb,2025-02,2025-02-24,Thu
2025-02-28,2025,1,2025-Q1,2,Feb,2025-02,2025-02-24,Fri
2025-03-01,2025,1,2025-Q1,3,Mar,2025-03,2025-02-24,Sat
2025-03-02,2025,1,2025-Q1,3,Mar,2025-03,2025-02-24,Sun
2025-03-03,2025,1,2025-Q1,3,Mar,2025-03,2025-03-03,Mon
2025-03-04,2025,1,2025-Q1,3,Mar,2025-03,2025-03-03,Tue
2025-03-05,2025,1,2025-Q1,3,Mar,2025-03,2025-03-03,Wed
2025-03-06,2025,1,2025-Q1,3,Mar,2025-03,2025-03-03,Thu
2025-03-07,2025,1,2025-Q1,3,Mar,2025-03,2025-03-03,Fri
2025-03-08,2025,1,2025-Q1,3,Mar,2025-03,2025-03-03,Sat
2025-03-09,2025,1,2025-Q1,3,Mar,2025-03,2025-03-03,Sun
2025-03-10,2025,1,2025-Q1,3,Mar,2025-03,2025-03-10,Mon
2025-03-11,2025,1,2025-Q1,3,Mar,2025-03,2025-03-10,Tue
2025-03-12,2025,1,2025-Q1,3,Mar,2025-03,2025-03-10,Wed
2025-03-13,2025,1,2025-Q1,3,Mar,2025-03,2025-03-10,Thu
2025-03-14,2025,1,2025-Q1,3,Mar,2025-03,2025-03-10,Fri
2025-03-15,2025,1,2025-Q1,3,Mar,2025-03,2025-03-10,Sat
2025-03-16,2025,1,2025-Q1,3,Mar,2025-03,2025-03-10,Sun
2025-03-17,2025,1,2025-Q1,3,Mar,2025-03,2025-03-17,Mon
2025-03-18,2025,1,2025-Q1,3,Mar,2025-03,2025-03-17,Tue
2025-03-19,2025,1,2025-Q1,3,Mar,2025-03,2025-03-17,Wed
2025-03-20,2025,1,2025-Q1,3,Mar,2025-03,2025-03-17,Thu
2025-03-21,2025,1,2025-Q1,3,Mar,2025-03,2025-03-17,Fri
2025-03-22,2025,1,2025-Q1,3,Mar,2025-03,2025-03-17,Sat
2025-03-23,2025,1,2025-Q1,3,Mar,2025-03,2025-03-17,Sun
2025-03-24,2025,1,2025-Q1,3,Mar,2025-03,2025-03-24,Mon
2025-03-25,2025,1,2025-Q1,3,Mar,2025-03,2025-03-24,Tue
2025-03-26,2025,1,2025-Q1,3,Mar,2025-03,2025-03-24,Wed
2025-03-27,2025,1,2025-Q1,3,Mar,2025-03,2025-03-24,Thu
2025-03-28,2025,1,2025-Q1,3,Mar,2025-03,2025-03-24,Fri
2025-03-29,2025,1,2025-Q1,3,Mar,2025-03,2025-03-24,Sat
2025-03-30,2025,1,2025-Q1,3,Mar,2025-03,2025-03-24,Sun
2025-03-31,2025,1,2025-Q1,3,Mar,2025-03,2025-03-31,Mon
2025-04-01,2025,2,2025-Q2,4,Apr,2025-04,2025-03-31,Tue
2025-04-02,2025,2,2025-Q2,4,Apr,2025-04,2025-03-31,Wed
2025-04-03,2025,2,2025-Q2,4,Apr,2025-04,2025-03-31,Thu
2025-04-04,2025,2,2025-Q2,4,Apr,2025-04,2025-03-31,Fri
2025-04-05,2025,2,2025-Q2,4,Apr,2025-04,2025-03-31,Sat
2025-04-06,2025,2,2025-Q2,4,Apr,2025-04,2025-03-31,Sun
2025-04-07,2025,2,2025-Q2,4,Apr,2025-04,2025-04-07,Mon
2025-04-08,2025,2,2025-Q2,4,Apr,2025-04,2025-04-07,Tue
2025-04-09,2025,2,2025-Q2,4,Apr,2025-04,2025-04-07,Wed
2025-04-10,2025,2,2025-Q2,4,Apr,2025-04,2025-04-07,Thu
2025-04-11,2025,2,2025-Q2,4,Apr,2025-04,2025-04-07,Fri
2025-04-12,2025,2,2025-Q2,4,Apr,2025-04,2025-04-07,Sat
2025-04-13,2025,2,2025-Q2,4,Apr,2025-04,2025-04-07,Sun
2025-04-14,2025,2,2025-Q2,4,Apr,2025-04,2025-04-14,Mon
2025-04-15,2025,2,2025-Q2,4,Apr,2025-04,2025-04-14,Tue
2025-04-16,2025,2,2025-Q2,4,Apr,2025-04,2025-04-14,Wed
2025-04-17,2025,2,2025-Q2,4,Apr,2025-04,2025-04-14,Thu
2025-04-18,2025,2,2025-Q2,4,Apr,2025-04,2025-04-14,Fri
2025-04-19,2025,2,2025-Q2,4,Apr,2025-04,2025-04-14,Sat
2025-04-20,2025,2,2025-Q2,4,Apr,2025-04,2025-04-14,Sun
2025-04-21,2025,2,2025-Q2,4,Apr,2025-04,2025-04-21,Mon
2025-04-22,2025,2,2025-Q2,4,Apr,2025-04,2025-04-21,Tue
2025-04-23,2025,2,2025-Q2,4,Apr,2025-04,2025-04-21,Wed
2025-04-24,2025,2,2025-Q2,4,Apr,2025-04,2025-04-21,Thu
2025-04-25,2025,2,2025-Q2,4,Apr,2025-04,2025-04-21,Fri
2025-04-26,2025,2,2025-Q2,4,Apr,2025-04,2025-04-21,Sat
2025-04-27,2025,2,2025-Q2,4,Apr,2025-04,2025-04-21,Sun
2025-04-28,2025,2,2025-Q2,4,Apr,2025-04,2025-04-28,Mon
2025-04-29,2025,2,2025-Q2,4,Apr,2025-04,2025-04-28,Tue
2025-04-30,2025,2,2025-Q2,4,Apr,2025-04,2025-04-28,Wed
2025-05-01,2025,2,2025-Q2,5,May,2025-05,2025-04-28,Thu
2025-05-02,2025,2,2025-Q2,5,May,2025-05,2025-04-28,Fri
2025-05-03,2025,2,2025-Q2,5,May,2025-05,2025-04-28,Sat
2025-05-04,2025,2,2025-Q2,5,May,2025-05,2025-04-28,Sun
2025-05-05,2025,2,2025-Q2,5,May,2025-05,2025-05-05,Mon
2025-05-06,2025,2,2025-Q2,5,May,2025-05,2025-05-05,Tue
2025-05-07,2025,2,2025-Q2,5,May,2025-05,2025-05-05,Wed
2025-05-08,2025,2,2025-Q2,5,May,2025-05,2025-05-05,Thu
2025-05-09,2025,2,2025-Q2,5,May,2025-05,2025-05-05,Fri
2025-05-10,2025,2,2025-Q2,5,May,2025-05,2025-05-05,Sat
2025-05-11,2025,2,2025-Q2,5,May,2025-05,2025-05-05,Sun
2025-05-12,2025,2,2025-Q2,5,May,2025-05,2025-05-12,Mon
2025-05-13,2025,2,2025-Q2,5,May,2025-05,2025-05-12,Tue
2025-05-14,2025,2,2025-Q2,5,May,2025-05,2025-05-12,Wed
2025-05-15,2025,2,2025-Q2,5,May,2025-05,2025-05-12,Thu
2025-05-16,2025,2,2025-Q2,5,May,2025-05,2025-05-12,Fri
2025-05-17,2025,2,2025-Q2,5,May,2025-05,2025-05-12,Sat
2025-05-18,2025,2,2025-Q2,5,May,2025-05,2025-05-12,Sun
2025-05-19,2025,2,2025-Q2,5,May,2025-05,2025-05-19,Mon
2025-05-20,2025,2,2025-Q2,5,May,2025-05,2025-05-19,Tue
2025-05-21,2025,2,2025-Q2,5,May,2025-05,2025-05-19,Wed
2025-05-22,2025,2,2025-Q2,5,May,2025-05,2025-05-19,Thu
2025-05-23,2025,2,2025-Q2,5,May,2025-05,2025-05-19,Fri
2025-05-24,2025,2,2025-Q2,5,May,2025-05,2025-05-19,Sat
2025-05-25,2025,2,2025-Q2,5,May,2025-05,2025-05-19,Sun
2025-05-26,2025,2,2025-Q2,5,May,2025-05,2025-05-26,Mon
2025-05-27,2025,2,2025-Q2,5,May,2025-05,2025-05-26,Tue
2025-05-28,2025,2,2025-Q2,5,May,2025-05,2025-05-26,Wed
2025-05-29,2025,2,2025-Q2,5,May,2025-05,2025-05-26,Thu
2025-05-30,2025,2,2025-Q2,5,May,2025-05,2025-05-26,Fri
2025-05-31,2025,2,2025-Q2,5,May,2025-05,2025-05-26,Sat
2025-06-01,2025,2,2025-Q2,6,Jun,2025-06,2025-05-26,Sun
2025-06-02,2025,2,2025-Q2,6,Jun,2025-06,2025-06-02,Mon
2025-06-03,2025,2,2025-Q2,6,Jun,2025-06,2025-06-02,Tue
2025-06-04,2025,2,2025-Q2,6,Jun,2025-06,2025-06-02,Wed
2025-06-05,2025,2,2025-Q2,6,Jun,2025-06,2025-06-02,Thu
2025-06-06,2025,2,2025-Q2,6,Jun,2025-06,2025-06-02,Fri
2025-06-07,2025,2,2025-Q2,6,Jun,2025-06,2025-06-02,Sat
2025-06-08,2025,2,2025-Q2,6,Jun,2025-06,2025-06-02,Sun
2025-06-09,2025,2,2025-Q2,6,Jun,2025-06,2025-06-09,Mon
2025-06-10,2025,2,2025-Q2,6,Jun,2025-06,2025-06-09,Tue
2025-06-11,2025,2,2025-Q2,6,Jun,2025-06,2025-06-09,Wed
2025-06-12,2025,2,2025-Q2,6,Jun,2025-06,2025-06-09,Thu
2025-06-13,2025,2,2025-Q2,6,Jun,2025-06,2025-06-09,Fri
2025-06-14,2025,2,2025-Q2,6,Jun,2025-06,2025-06-09,Sat
2025-06-15,2025,2,2025-Q2,6,Jun,2025-06,2025-06-09,Sun
2025-06-16,2025,2,2025-Q2,6,Jun,2025-06,2025-06-16,Mon
2025-06-17,2025,2,2025-Q2,6,Jun,2025-06,2025-06-16,Tue
2025-06-18,2025,2,2025-Q2,6,Jun,2025-06,2025-06-16,Wed
2025-06-19,2025,2,2025-Q2,6,Jun,2025-06,2025-06-16,Thu
2025-06-20,2025,2,2025-Q2,6,Jun,2025-06,2025-06-16,Fri
2025-06-21,2025,2,2025-Q2,6,Jun,2025-06,2025-06-16,Sat
2025-06-22,2025,2,2025-Q2,6,Jun,2025-06,2025-06-16,Sun
2025-06-23,2025,2,2025-Q2,6,Jun,2025-06,2025-06-23,Mon
2025-06-24,2025,2,2025-Q2,6,Jun,2025-06,2025-06-23,Tue
2025-06-25,2025,2,2025-Q2,6,Jun,2025-06,2025-06-23,Wed
2025-06-26,2025,2,2025-Q2,6,Jun,2025-06,2025-06-23,Thu
2025-06-27,2025,2,2025-Q2,6,Jun,2025-06,2025-06-23,Fri
2025-06-28,2025,2,2025-Q2,6,Jun,2025-06,2025-06-23,Sat
2025-06-29,2025,2,2025-Q2,6,Jun,2025-06,2025-06-23,Sun
2025-06-30,2025,2,2025-Q2,6,Jun,2025-06,2025-06-30,Mon
2025-07-01,2025,3,2025-Q3,7,Jul,2025-07,2025-06-30,Tue
2025-07-02,2025,3,2025-Q3,7,Jul,2025-07,2025-06-30,Wed
2025-07-03,2025,3,2025-Q3,7,Jul,2025-07,2025-06-30,Thu
2025-07-04,2025,3,2025-Q3,7,Jul,2025-07,2025-06-30,Fri
2025-07-05,2025,3,2025-Q3,7,Jul,2025-07,2025-06-30,Sat
2025-07-06,2025,3,2025-Q3,7,Jul,2025-07,2025-06-30,Sun
2025-07-07,2025,3,2025-Q3,7,Jul,2025-07,2025-07-07,Mon
2025-07-08,2025,3,2025-Q3,7,Jul,2025-07,2025-07-07,Tue
2025-07-09,2025,3,2025-Q3,7,Jul,2025-07,2025-07-07,Wed
2025-07-10,2025,3,2025-Q3,7,Jul,2025-07,2025-07-07,Thu
2025-07-11,2025,3,2025-Q3,7,Jul,2025-07,2025-07-07,Fri
2025-07-12,2025,3,2025-Q3,7,Jul,2025-07,2025-07-07,Sat
2025-07-13,2025,3,2025-Q3,7,Jul,2025-07,2025-07-07,Sun
2025-07-14,2025,3,2025-Q3,7,Jul,2025-07,2025-07-14,Mon
2025-07-15,2025,3,2025-Q3,7,Jul,2025-07,2025-07-14,Tue
2025-07-16,2025,3,2025-Q3,7,Jul,2025-07,2025-07-14,Wed
2025-07-17,2025,3,2025-Q3,7,Jul,2025-07,2025-07-14,Thu
2025-07-18,2025,3,2025-Q3,7,Jul,2025-07,2025-07-14,Fri
2025-07-19,2025,3,2025-Q3,7,Jul,2025-07,2025-07-14,Sat
2025-07-20,2025,3,2025-Q3,7,Jul,2025-07,2025-07-14,Sun
2025-07-21,2025,3,2025-Q3,7,Jul,2025-07,2025-07-21,Mon
2025-07-22,2025,3,2025-Q3,7,Jul,2025-07,2025-07-21,Tue
2025-07-23,2025,3,2025-Q3,7,Jul,2025-07,2025-07-21,Wed
2025-07-24,2025,3,2025-Q3,7,Jul,2025-07,2025-07-21,Thu
2025-07-25,2025,3,2025-Q3,7,Jul,2025-07,2025-07-21,Fri
2025-07-26,2025,3,2025-Q3,7,Jul,2025-07,2025-07-21,Sat
2025-07-27,2025,3,2025-Q3,7,Jul,2025-07,2025-07-21,Sun
2025-07-28,2025,3,2025-Q3,7,Jul,2025-07,2025-07-28,Mon
2025-07-29,2025,3,2025-Q3,7,Jul,2025-07,2025-07-28,Tue
2025-07-30,2025,3,2025-Q3,7,Jul,2025-07,2025-07-28,Wed
2025-07-31,2025,3,2025-Q3,7,Jul,2025-07,2025-07-28,Thu
2025-08-01,2025,3,2025-Q3,8,Aug,2025-08,2025-07-28,Fri
2025-08-02,2025,3,2025-Q3,8,Aug,2025-08,2025-07-28,Sat
2025-08-03,2025,3,2025-Q3,8,Aug,2025-08,2025-07-28,Sun
2025-08-04,2025,3,2025-Q3,8,Aug,2025-08,2025-08-04,Mon
2025-08-05,2025,3,2025-Q3,8,Aug,2025-08,2025-08-04,Tue
2025-08-06,2025,3,2025-Q3,8,Aug,2025-08,2025-08-04,Wed
2025-08-07,2025,3,2025-Q3,8,Aug,2025-08,2025-08-04,Thu
2025-08-08,2025,3,2025-Q3,8,Aug,2025-08,2025-08-04,Fri
2025-08-09,2025,3,2025-Q3,8,Aug,2025-08,2025-08-04,Sat
2025-08-10,2025,3,2025-Q3,8,Aug,2025-08,2025-08-04,Sun
2025-08-11,2025,3,2025-Q3,8,Aug,2025-08,2025-08-11,Mon
2025-08-12,2025,3,2025-Q3,8,Aug,2025-08,2025-08-11,Tue
2025-08-13,2025,3,2025-Q3,8,Aug,2025-08,2025-08-11,Wed
2025-08-14,2025,3,2025-Q3,8,Aug,2025-08,2025-08-11,Thu
2025-08-15,2025,3,2025-Q3,8,Aug,2025-08,2025-08-11,Fri
2025-08-16,2025,3,2025-Q3,8,Aug,2025-08,2025-08-11,Sat
2025-08-17,2025,3,2025-Q3,8,Aug,2025-08,2025-08-11,Sun
2025-08-18,2025,3,2025-Q3,8,Aug,2025-08,2025-08-18,Mon
2025-08-19,2025,3,2025-Q3,8,Aug,2025-08,2025-08-18,Tue
2025-08-20,2025,3,2025-Q3,8,Aug,2025-08,2025-08-18,Wed
2025-08-21,2025,3,2025-Q3,8,Aug,2025-08,2025-08-18,Thu
2025-08-22,2025,3,2025-Q3,8,Aug,2025-08,2025-08-18,Fri
2025-08-23,2025,3,2025-Q3,8,Aug,2025-08,2025-08-18,Sat
2025-08-24,2025,3,2025-Q3,8,Aug,2025-08,2025-08-18,Sun
2025-08-25,2025,3,2025-Q3,8,Aug,2025-08,2025-08-25,Mon
2025-08-26,2025,3,2025-Q3,8,Aug,2025-08,2025-08-25,Tue
2025-08-27,2025,3,2025-Q3,8,Aug,2025-08,2025-08-25,Wed
2025-08-28,2025,3,2025-Q3,8,Aug,2025-08,2025-08-25,Thu
2025-08-29,2025,3,2025-Q3,8,Aug,2025-08,2025-08-25,Fri
2025-08-30,2025,3,2025-Q3,8,Aug,2025-08,2025-08-25,Sat
2025-08-31,2025,3,2025-Q3,8,Aug,2025-08,2025-08-25,Sun
2025-09-01,2025,3,2025-Q3,9,Sep,2025-09,2025-09-01,Mon
2025-09-02,2025,3,2025-Q3,9,Sep,2025-09,2025-09-01,Tue
2025-09-03,2025,3,2025-Q3,9,Sep,2025-09,2025-09-01,Wed
2025-09-04,2025,3,2025-Q3,9,Sep,2025-09,2025-09-01,Thu
2025-09-05,2025,3,2025-Q3,9,Sep,2025-09,2025-09-01,Fri
2025-09-06,2025,3,2025-Q3,9,Sep,2025-09,2025-09-01,Sat
2025-09-07,2025,3,2025-Q3,9,Sep,2025-09,2025-09-01,Sun
2025-09-08,2025,3,2025-Q3,9,Sep,2025-09,2025-09-08,Mon
2025-09-09,2025,3,2025-Q3,9,Sep,2025-09,2025-09-08,Tue
2025-09-10,2025,3,2025-Q3,9,Sep,2025-09,2025-09-08,Wed
2025-09-11,2025,3,2025-Q3,9,Sep,2025-09,2025-09-08,Thu
2025-09-12,2025,3,2025-Q3,9,Sep,2025-09,2025-09-08,Fri
2025-09-13,2025,3,2025-Q3,9,Sep,2025-09,2025-09-08,Sat
2025-09-14,2025,3,2025-Q3,9,Sep,2025-09,2025-09-08,Sun
2025-09-15,2025,3,2025-Q3,9,Sep,2025-09,2025-09-15,Mon
2025-09-16,2025,3,2025-Q3,9,Sep,2025-09,2025-09-15,Tue
2025-09-17,2025,3,2025-Q3,9,Sep,2025-09,2025-09-15,Wed
2025-09-18,2025,3,2025-Q3,9,Sep,2025-09,2025-09-15,Thu
2025-09-19,2025,3,2025-Q3,9,Sep,2025-09,2025-09-15,Fri
2025-09-20,2025,3,2025-Q3,9,Sep,2025-09,2025-09-15,Sat
2025-09-21,2025,3,2025-Q3,9,Sep,2025-09,2025-09-15,Sun
2025-09-22,2025,3,2025-Q3,9,Sep,2025-09,2025-09-22,Mon
2025-09-23,2025,3,2025-Q3,9,Sep,2025-09,2025-09-22,Tue
2025-09-24,2025,3,2025-Q3,9,Sep,2025-09,2025-09-22,Wed
2025-09-25,2025,3,2025-Q3,9,Sep,2025-09,2025-09-22,Thu
2025-09-26,2025,3,2025-Q3,9,Sep,2025-09,2025-09-22,Fri
2025-09-27,2025,3,2025-Q3,9,Sep,2025-09,2025-09-22,Sat
2025-09-28,2025,3,2025-Q3,9,Sep,2025-09,2025-09-22,Sun
2025-09-29,2025,3,2025-Q3,9,Sep,2025-09,2025-09-29,Mon
2025-09-30,2025,3,2025-Q3,9,Sep,2025-09,2025-09-29,Tue
2025-10-01,2025,4,2025-Q4,10,Oct,2025-10,2025-09-29,Wed
2025-10-02,2025,4,2025-Q4,10,Oct,2025-10,2025-09-29,Thu
2025-10-03,2025,4,2025-Q4,10,Oct,2025-10,2025-09-29,Fri
2025-10-04,2025,4,2025-Q4,10,Oct,2025-10,2025-09-29,Sat
2025-10-05,2025,4,2025-Q4,10,Oct,2025-10,2025-09-29,Sun
2025-10-06,2025,4,2025-Q4,10,Oct,2025-10,2025-10-06,Mon
2025-10-07,2025,4,2025-Q4,10,Oct,2025-10,2025-10-06,Tue
2025-10-08,2025,4,2025-Q4,10,Oct,2025-10,2025-10-06,Wed
2025-10-09,2025,4,2025-Q4,10,Oct,2025-10,2025-10-06,Thu
2025-10-10,2025,4,2025-Q4,10,Oct,2025-10,2025-10-06,Fri
2025-10-11,2025,4,2025-Q4,10,Oct,2025-10,2025-10-06,Sat
2025-10-12,2025,4,2025-Q4,10,Oct,2025-10,2025-10-06,Sun
2025-10-13,2025,4,2025-Q4,10,Oct,2025-10,2025-10-13,Mon
2025-10-14,2025,4,2025-Q4,10,Oct,2025-10,2025-10-13,Tue
2025-10-15,2025,4,2025-Q4,10,Oct,2025-10,2025-10-13,Wed
2025-10-16,2025,4,2025-Q4,10,Oct,2025-10,2025-10-13,Thu
2025-10-17,2025,4,2025-Q4,10,Oct,2025-10,2025-10-13,Fri
2025-10-18,2025,4,2025-Q4,10,Oct,2025-10,2025-10-13,Sat
2025-10-19,2025,4,2025-Q4,10,Oct,2025-10,2025-10-13,Sun
2025-10-20,2025,4,2025-Q4,10,Oct,2025-10,2025-10-20,Mon
2025-10-21,2025,4,2025-Q4,10,Oct,2025-10,2025-10-20,Tue
2025-10-22,2025,4,2025-Q4,10,Oct,2025-10,2025-10-20,Wed
2025-10-23,2025,4,2025-Q4,10,Oct,2025-10,2025-10-20,Thu
2025-10-24,2025,4,2025-Q4,10,Oct,2025-10,2025-10-20,Fri
2025-10-25,2025,4,2025-Q4,10,Oct,2025-10,2025-10-20,Sat
2025-10-26,2025,4,2025-Q4,10,Oct,2025-10,2025-10-20,Sun
2025-10-27,2025,4,2025-Q4,10,Oct,2025-10,2025-10-27,Mon
2025-10-28,2025,4,2025-Q4,10,Oct,2025-10,2025-10-27,Tue
2025-10-29,2025,4,2025-Q4,10,Oct,2025-10,2025-10-27,Wed
2025-10-30,2025,4,2025-Q4,10,Oct,2025-10,2025-10-27,Thu
2025-10-31,2025,4,2025-Q4,10,Oct,2025-10,2025-10-27,Fri
2025-11-01,2025,4,2025-Q4,11,Nov,2025-11,2025-10-27,Sat
2025-11-02,2025,4,2025-Q4,11,Nov,2025-11,2025-10-27,Sun
2025-11-03,2025,4,2025-Q4,11,Nov,2025-11,2025-11-03,Mon
2025-11-04,2025,4,2025-Q4,11,Nov,2025-11,2025-11-03,Tue
2025-11-05,2025,4,2025-Q4,11,Nov,2025-11,2025-11-03,Wed
2025-11-06,2025,4,2025-Q4,11,Nov,2025-11,2025-11-03,Thu
2025-11-07,2025,4,2025-Q4,11,Nov,2025-11,2025-11-03,Fri
2025-11-08,2025,4,2025-Q4,11,Nov,2025-11,2025-11-03,Sat
2025-11-09,2025,4,2025-Q4,11,Nov,2025-11,2025-11-03,Sun
2025-11-10,2025,4,2025-Q4,11,Nov,2025-11,2025-11-10,Mon
2025-11-11,2025,4,2025-Q4,11,Nov,2025-11,2025-11-10,Tue
2025-11-12,2025,4,2025-Q4,11,Nov,2025-11,2025-11-10,Wed
2025-11-13,2025,4,2025-Q4,11,Nov,2025-11,2025-11-10,Thu
2025-11-14,2025,4,2025-Q4,11,Nov,2025-11,2025-11-10,Fri
2025-11-15,2025,4,2025-Q4,11,Nov,2025-11,2025-11-10,Sat
2025-11-16,2025,4,2025-Q4,11,Nov,2025-11,2025-11-10,Sun
2025-11-17,2025,4,2025-Q4,11,Nov,2025-11,2025-11-17,Mon
2025-11-18,2025,4,2025-Q4,11,Nov,2025-11,2025-11-17,Tue
2025-11-19,2025,4,2025-Q4,11,Nov,2025-11,2025-11-17,Wed
2025-11-20,2025,4,2025-Q4,11,Nov,2025-11,2025-11-17,Thu
2025-11-21,2025,4,2025-Q4,11,Nov,2025-11,2025-11-17,Fri
2025-11-22,2025,4,2025-Q4,11,Nov,2025-11,2025-11-17,Sat
2025-11-23,2025,4,2025-Q4,11,Nov,2025-11,2025-11-17,Sun
2025-11-24,2025,4,2025-Q4,11,Nov,2025-11,2025-11-24,Mon
2025-11-25,2025,4,2025-Q4,11,Nov,2025-11,2025-11-24,Tue
2025-11-26,2025,4,2025-Q4,11,Nov,2025-11,2025-11-24,Wed
2025-11-27,2025,4,2025-Q4,11,Nov,2025-11,2025-11-24,Thu
2025-11-28,2025,4,2025-Q4,11,Nov,2025-11,2025-11-24,Fri
2025-11-29,2025,4,2025-Q4,11,Nov,2025-11,2025-11-24,Sat
2025-11-30,2025,4,2025-Q4,11,Nov,2025-11,2025-11-24,Sun
2025-12-01,2025,4,2025-Q4,12,Dec,2025-12,2025-12-01,Mon
2025-12-02,2025,4,2025-Q4,12,Dec,2025-12,2025-12-01,Tue
2025-12-03,2025,4,2025-Q4,12,Dec,2025-12,2025-12-01,Wed
2025-12-04,2025,4,2025-Q4,12,Dec,2025-12,2025-12-01,Thu
2025-12-05,2025,4,2025-Q4,12,Dec,2025-12,2025-12-01,Fri
2025-12-06,2025,4,2025-Q4,12,Dec,2025-12,2025-12-01,Sat
2025-12-07,2025,4,2025-Q4,12,Dec,2025-12,2025-12-01,Sun
2025-12-08,2025,4,2025-Q4,12,Dec,2025-12,2025-12-08,Mon
2025-12-09,2025,4,2025-Q4,12,Dec,2025-12,2025-12-08,Tue
2025-12-10,2025,4,2025-Q4,12,Dec,2025-12,2025-12-08,Wed
2025-12-11,2025,4,2025-Q4,12,Dec,2025-12,2025-12-08,Thu
2025-12-12,2025,4,2025-Q4,12,Dec,2025-12,2025-12-08,Fri
2025-12-13,2025,4,2025-Q4,12,Dec,2025-12,2025-12-08,Sat
2025-12-14,2025,4,2025-Q4,12,Dec,2025-12,2025-12-08,Sun
2025-12-15,2025,4,2025-Q4,12,Dec,2025-12,2025-12-15,Mon
2025-12-16,2025,4,2025-Q4,12,Dec,2025-12,2025-12-15,Tue
2025-12-17,2025,4,2025-Q4,12,Dec,2025-12,2025-12-15,Wed
2025-12-18,2025,4,2025-Q4,12,Dec,2025-12,2025-12-15,Thu
2025-12-19,2025,4,2025-Q4,12,Dec,2025-12,2025-12-15,Fri
2025-12-20,2025,4,2025-Q4,12,Dec,2025-12,2025-12-15,Sat
2025-12-21,2025,4,2025-Q4,12,Dec,2025-12,2025-12-15,Sun
2025-12-22,2025,4,2025-Q4,12,Dec,2025-12,2025-12-22,Mon
2025-12-23,2025,4,2025-Q4,12,Dec,2025-12,2025-12-22,Tue
2025-12-24,2025,4,2025-Q4,12,Dec,2025-12,2025-12-22,Wed
2025-12-25,2025,4,2025-Q4,12,Dec,2025-12,2025-12-22,Thu
2025-12-26,2025,4,2025-Q4,12,Dec,2025-12,2025-12-22,Fri
2025-12-27,2025,4,2025-Q4,12,Dec,2025-12,2025-12-22,Sat
2025-12-28,2025,4,2025-Q4,12,Dec,2025-12,2025-12-22,Sun
2025-12-29,2025,4,2025-Q4,12,Dec,2025-12,2025-12-29,Mon
2025-12-30,2025,4,2025-Q4,12,Dec,2025-12,2025-12-29,Tue
2025-12-31,2025,4,2025-Q4,12,Dec,2025-12,2025-12-29,Wed
2026-01-01,2026,1,2026-Q1,1,Jan,2026-01,2025-12-29,Thu
2026-01-02,2026,1,2026-Q1,1,Jan,2026-01,2025-12-29,Fri
2026-01-03,2026,1,2026-Q1,1,Jan,2026-01,2025-12-29,Sat
2026-01-04,2026,1,2026-Q1,1,Jan,2026-01,2025-12-29,Sun
2026-01-05,2026,1,2026-Q1,1,Jan,2026-01,2026-01-05,Mon
2026-01-06,2026,1,2026-Q1,1,Jan,2026-01,2026-01-05,Tue
2026-01-07,2026,1,2026-Q1,1,Jan,2026-01,2026-01-05,Wed
2026-01-08,2026,1,2026-Q1,1,Jan,2026-01,2026-01-05,Thu
2026-01-09,2026,1,2026-Q1,1,Jan,2026-01,2026-01-05,Fri
2026-01-10,2026,1,2026-Q1,1,Jan,2026-01,2026-01-05,Sat
2026-01-11,2026,1,2026-Q1,1,Jan,2026-01,2026-01-05,Sun
2026-01-12,2026,1,2026-Q1,1,Jan,2026-01,2026-01-12,Mon
2026-01-13,2026,1,2026-Q1,1,Jan,2026-01,2026-01-12,Tue
2026-01-14,2026,1,2026-Q1,1,Jan,2026-01,2026-01-12,Wed
2026-01-15,2026,1,2026-Q1,1,Jan,2026-01,2026-01-12,Thu
2026-01-16,2026,1,2026-Q1,1,Jan,2026-01,2026-01-12,Fri
2026-01-17,2026,1,2026-Q1,1,Jan,2026-01,2026-01-12,Sat
2026-01-18,2026,1,2026-Q1,1,Jan,2026-01,2026-01-12,Sun
2026-01-19,2026,1,2026-Q1,1,Jan,2026-01,2026-01-19,Mon
2026-01-20,2026,1,2026-Q1,1,Jan,2026-01,2026-01-19,Tue
2026-01-21,2026,1,2026-Q1,1,Jan,2026-01,2026-01-19,Wed
2026-01-22,2026,1,2026-Q1,1,Jan,2026-01,2026-01-19,Thu
2026-01-23,2026,1,2026-Q1,1,Jan,2026-01,2026-01-19,Fri
2026-01-24,2026,1,2026-Q1,1,Jan,2026-01,2026-01-19,Sat
2026-01-25,2026,1,2026-Q1,1,Jan,2026-01,2026-01-19,Sun
2026-01-26,2026,1,2026-Q1,1,Jan,2026-01,2026-01-26,Mon
2026-01-27,2026,1,2026-Q1,1,Jan,2026-01,2026-01-26,Tue
2026-01-28,2026,1,2026-Q1,1,Jan,2026-01,2026-01-26,Wed
2026-01-29,2026,1,2026-Q1,1,Jan,2026-01,2026-01-26,Thu
2026-01-30,2026,1,2026-Q1,1,Jan,2026-01,2026-01-26,Fri
2026-01-31,2026,1,2026-Q1,1,Jan,2026-01,2026-01-26,Sat
2026-02-01,2026,1,2026-Q1,2,Feb,2026-02,2026-01-26,Sun
2026-02-02,2026,1,2026-Q1,2,Feb,2026-02,2026-02-02,Mon
2026-02-03,2026,1,2026-Q1,2,Feb,2026-02,2026-02-02,Tue
2026-02-04,2026,1,2026-Q1,2,Feb,2026-02,2026-02-02,Wed
2026-02-05,2026,1,2026-Q1,2,Feb,2026-02,2026-02-02,Thu
2026-02-06,2026,1,2026-Q1,2,Feb,2026-02,2026-02-02,Fri
2026-02-07,2026,1,2026-Q1,2,Feb,2026-02,2026-02-02,Sat
2026-02-08,2026,1,2026-Q1,2,Feb,2026-02,2026-02-02,Sun
2026-02-09,2026,1,2026-Q1,2,Feb,2026-02,2026-02-09,Mon
2026-02-10,2026,1,2026-Q1,2,Feb,2026-02,2026-02-09,Tue
2026-02-11,2026,1,2026-Q1,2,Feb,2026-02,2026-02-09,Wed
2026-02-12,2026,1,2026-Q1,2,Feb,2026-02,2026-02-09,Thu
2026-02-13,2026,1,2026-Q1,2,Feb,2026-02,2026-02-09,Fri
2026-02-14,2026,1,2026-Q1,2,Feb,2026-02,2026-02-09,Sat
2026-02-15,2026,1,2026-Q1,2,Feb,2026-02,2026-02-09,Sun
2026-02-16,2026,1,2026-Q1,2,Feb,2026-02,2026-02-16,Mon
2026-02-17,2026,1,2026-Q1,2,Feb,2026-02,2026-02-16,Tue
2026-02-18,2026,1,2026-Q1,2,Feb,2026-02,2026-02-16,Wed
2026-02-19,2026,1,2026-Q1,2,Feb,2026-02,2026-02-16,Thu
2026-02-20,2026,1,2026-Q1,2,Feb,2026-02,2026-02-16,Fri
2026-02-21,2026,1,2026-Q1,2,Feb,2026-02,2026-02-16,Sat
2026-02-22,2026,1,2026-Q1,2,Feb,2026-02,2026-02-16,Sun
2026-02-23,2026,1,2026-Q1,2,Feb,2026-02,2026-02-23,Mon
2026-02-24,2026,1,2026-Q1,2,Feb,2026-02,2026-02-23,Tue
2026-02-25,2026,1,2026-Q1,2,Feb,2026-02,2026-02-23,Wed
2026-02-26,2026,1,2026-Q1,2,Feb,2026-02,2026-02-23,Thu
2026-02-27,2026,1,2026-Q1,2,Feb,2026-02,2026-02-23,Fri
2026-02-28,2026,1,2026-Q1,2,Feb,2026-02,2026-02-23,Sat
2026-03-01,2026,1,2026-Q1,3,Mar,2026-03,2026-02-23,Sun
2026-03-02,2026,1,2026-Q1,3,Mar,2026-03,2026-03-02,Mon
2026-03-03,2026,1,2026-Q1,3,Mar,2026-03,2026-03-02,Tue
2026-03-04,2026,1,2026-Q1,3,Mar,2026-03,2026-03-02,Wed
2026-03-05,2026,1,2026-Q1,3,Mar,2026-03,2026-03-02,Thu
2026-03-06,2026,1,2026-Q1,3,Mar,2026-03,2026-03-02,Fri
2026-03-07,2026,1,2026-Q1,3,Mar,2026-03,2026-03-02,Sat
2026-03-08,2026,1,2026-Q1,3,Mar,2026-03,2026-03-02,Sun
2026-03-09,2026,1,2026-Q1,3,Mar,2026-03,2026-03-09,Mon
2026-03-10,2026,1,2026-Q1,3,Mar,2026-03,2026-03-09,Tue
2026-03-11,2026,1,2026-Q1,3,Mar,2026-03,2026-03-09,Wed
2026-03-12,2026,1,2026-Q1,3,Mar,2026-03,2026-03-09,Thu
2026-03-13,2026,1,2026-Q1,3,Mar,2026-03,2026-03-09,Fri
2026-03-14,2026,1,2026-Q1,3,Mar,2026-03,2026-03-09,Sat
2026-03-15,2026,1,2026-Q1,3,Mar,2026-03,2026-03-09,Sun
2026-03-16,2026,1,2026-Q1,3,Mar,2026-03,2026-03-16,Mon
2026-03-17,2026,1,2026-Q1,3,Mar,2026-03,2026-03-16,Tue
2026-03-18,2026,1,2026-Q1,3,Mar,2026-03,2026-03-16,Wed
2026-03-19,2026,1,2026-Q1,3,Mar,2026-03,2026-03-16,Thu
2026-03-20,2026,1,2026-Q1,3,Mar,2026-03,2026-03-16,Fri
2026-03-21,2026,1,2026-Q1,3,Mar,2026-03,2026-03-16,Sat
2026-03-22,2026,1,2026-Q1,3,Mar,2026-03,2026-03-16,Sun
2026-03-23,2026,1,2026-Q1,3,Mar,2026-03,2026-03-23,Mon
2026-03-24,2026,1,2026-Q1,3,Mar,2026-03,2026-03-23,Tue
2026-03-25,2026,1,2026-Q1,3,Mar,2026-03,2026-03-23,Wed
2026-03-26,2026,1,2026-Q1,3,Mar,2026-03,2026-03-23,Thu
2026-03-27,2026,1,2026-Q1,3,Mar,2026-03,2026-03-23,Fri
2026-03-28,2026,1,2026-Q1,3,Mar,2026-03,2026-03-23,Sat
2026-03-29,2026,1,2026-Q1,3,Mar,2026-03,2026-03-23,Sun
2026-03-30,2026,1,2026-Q1,3,Mar,2026-03,2026-03-30,Mon
2026-03-31,2026,1,2026-Q1,3,Mar,2026-03,2026-03-30,Tue
2026-04-01,2026,2,2026-Q2,4,Apr,2026-04,2026-03-30,Wed
2026-04-02,2026,2,2026-Q2,4,Apr,2026-04,2026-03-30,Thu
2026-04-03,2026,2,2026-Q2,4,Apr,2026-04,2026-03-30,Fri
2026-04-04,2026,2,2026-Q2,4,Apr,2026-04,2026-03-30,Sat
2026-04-05,2026,2,2026-Q2,4,Apr,2026-04,2026-03-30,Sun
2026-04-06,2026,2,2026-Q2,4,Apr,2026-04,2026-04-06,Mon
2026-04-07,2026,2,2026-Q2,4,Apr,2026-04,2026-04-06,Tue
2026-04-08,2026,2,2026-Q2,4,Apr,2026-04,2026-04-06,Wed
2026-04-09,2026,2,2026-Q2,4,Apr,2026-04,2026-04-06,Thu
2026-04-10,2026,2,2026-Q2,4,Apr,2026-04,2026-04-06,Fri
2026-04-11,2026,2,2026-Q2,4,Apr,2026-04,2026-04-06,Sat
2026-04-12,2026,2,2026-Q2,4,Apr,2026-04,2026-04-06,Sun
2026-04-13,2026,2,2026-Q2,4,Apr,2026-04,2026-04-13,Mon
2026-04-14,2026,2,2026-Q2,4,Apr,2026-04,2026-04-13,Tue
2026-04-15,2026,2,2026-Q2,4,Apr,2026-04,2026-04-13,Wed
2026-04-16,2026,2,2026-Q2,4,Apr,2026-04,2026-04-13,Thu
2026-04-17,2026,2,2026-Q2,4,Apr,2026-04,2026-04-13,Fri
2026-04-18,2026,2,2026-Q2,4,Apr,2026-04,2026-04-13,Sat
2026-04-19,2026,2,2026-Q2,4,Apr,2026-04,2026-04-13,Sun
2026-04-20,2026,2,2026-Q2,4,Apr,2026-04,2026-04-20,Mon
2026-04-21,2026,2,2026-Q2,4,Apr,2026-04,2026-04-20,Tue
2026-04-22,2026,2,2026-Q2,4,Apr,2026-04,2026-04-20,Wed
2026-04-23,2026,2,2026-Q2,4,Apr,2026-04,2026-04-20,Thu
2026-04-24,2026,2,2026-Q2,4,Apr,2026-04,2026-04-20,Fri
2026-04-25,2026,2,2026-Q2,4,Apr,2026-04,2026-04-20,Sat
2026-04-26,2026,2,2026-Q2,4,Apr,2026-04,2026-04-20,Sun
2026-04-27,2026,2,2026-Q2,4,Apr,2026-04,2026-04-27,Mon
2026-04-28,2026,2,2026-Q2,4,Apr,2026-04,2026-04-27,Tue
2026-04-29,2026,2,2026-Q2,4,Apr,2026-04,2026-04-27,Wed
2026-04-30,2026,2,2026-Q2,4,Apr,2026-04,2026-04-27,Thu
2026-05-01,2026,2,2026-Q2,5,May,2026-05,2026-04-27,Fri
2026-05-02,2026,2,2026-Q2,5,May,2026-05,2026-04-27,Sat
2026-05-03,2026,2,2026-Q2,5,May,2026-05,2026-04-27,Sun
2026-05-04,2026,2,2026-Q2,5,May,2026-05,2026-05-04,Mon
2026-05-05,2026,2,2026-Q2,5,May,2026-05,2026-05-04,Tue
2026-05-06,2026,2,2026-Q2,5,May,2026-05,2026-05-04,Wed
2026-05-07,2026,2,2026-Q2,5,May,2026-05,2026-05-04,Thu
2026-05-08,2026,2,2026-Q2,5,May,2026-05,2026-05-04,Fri
2026-05-09,2026,2,2026-Q2,5,May,2026-05,2026-05-04,Sat
2026-05-10,2026,2,2026-Q2,5,May,2026-05,2026-05-04,Sun
2026-05-11,2026,2,2026-Q2,5,May,2026-05,2026-05-11,Mon
2026-05-12,2026,2,2026-Q2,5,May,2026-05,2026-05-11,Tue
2026-05-13,2026,2,2026-Q2,5,May,2026-05,2026-05-11,Wed
2026-05-14,2026,2,2026-Q2,5,May,2026-05,2026-05-11,Thu
2026-05-15,2026,2,2026-Q2,5,May,2026-05,2026-05-11,Fri
2026-05-16,2026,2,2026-Q2,5,May,2026-05,2026-05-11,Sat
2026-05-17,2026,2,2026-Q2,5,May,2026-05,2026-05-11,Sun
2026-05-18,2026,2,2026-Q2,5,May,2026-05,2026-05-18,Mon
2026-05-19,2026,2,2026-Q2,5,May,2026-05,2026-05-18,Tue
2026-05-20,2026,2,2026-Q2,5,May,2026-05,2026-05-18,Wed
2026-05-21,2026,2,2026-Q2,5,May,2026-05,2026-05-18,Thu
2026-05-22,2026,2,2026-Q2,5,May,2026-05,2026-05-18,Fri
2026-05-23,2026,2,2026-Q2,5,May,2026-05,2026-05-18,Sat
2026-05-24,2026,2,2026-Q2,5,May,2026-05,2026-05-18,Sun
2026-05-25,2026,2,2026-Q2,5,May,2026-05,2026-05-25,Mon
2026-05-26,2026,2,2026-Q2,5,May,2026-05,2026-05-25,Tue
2026-05-27,2026,2,2026-Q2,5,May,2026-05,2026-05-25,Wed
2026-05-28,2026,2,2026-Q2,5,May,2026-05,2026-05-25,Thu
2026-05-29,2026,2,2026-Q2,5,May,2026-05,2026-05-25,Fri
2026-05-30,2026,2,2026-Q2,5,May,2026-05,2026-05-25,Sat
2026-05-31,2026,2,2026-Q2,5,May,2026-05,2026-05-25,Sun
2026-06-01,2026,2,2026-Q2,6,Jun,2026-06,2026-06-01,Mon
2026-06-02,2026,2,2026-Q2,6,Jun,2026-06,2026-06-01,Tue
2026-06-03,2026,2,2026-Q2,6,Jun,2026-06,2026-06-01,Wed
2026-06-04,2026,2,2026-Q2,6,Jun,2026-06,2026-06-01,Thu
2026-06-05,2026,2,2026-Q2,6,Jun,2026-06,2026-06-01,Fri
2026-06-06,2026,2,2026-Q2,6,Jun,2026-06,2026-06-01,Sat
2026-06-07,2026,2,2026-Q2,6,Jun,2026-06,2026-06-01,Sun
2026-06-08,2026,2,2026-Q2,6,Jun,2026-06,2026-06-08,Mon
2026-06-09,2026,2,2026-Q2,6,Jun,2026-06,2026-06-08,Tue
2026-06-10,2026,2,2026-Q2,6,Jun,2026-06,2026-06-08,Wed
2026-06-11,2026,2,2026-Q2,6,Jun,2026-06,2026-06-08,Thu
2026-06-12,2026,2,2026-Q2,6,Jun,2026-06,2026-06-08,Fri
2026-06-13,2026,2,2026-Q2,6,Jun,2026-06,2026-06-08,Sat
2026-06-14,2026,2,2026-Q2,6,Jun,2026-06,2026-06-08,Sun
2026-06-15,2026,2,2026-Q2,6,Jun,2026-06,2026-06-15,Mon
2026-06-16,2026,2,2026-Q2,6,Jun,2026-06,2026-06-15,Tue
2026-06-17,2026,2,2026-Q2,6,Jun,2026-06,2026-06-15,Wed
2026-06-18,2026,2,2026-Q2,6,Jun,2026-06,2026-06-15,Thu
2026-06-19,2026,2,2026-Q2,6,Jun,2026-06,2026-06-15,Fri
2026-06-20,2026,2,2026-Q2,6,Jun,2026-06,2026-06-15,Sat
2026-06-21,2026,2,2026-Q2,6,Jun,2026-06,2026-06-15,Sun
2026-06-22,2026,2,2026-Q2,6,Jun,2026-06,2026-06-22,Mon
2026-06-23,2026,2,2026-Q2,6,Jun,2026-06,2026-06-22,Tue
2026-06-24,2026,2,2026-Q2,6,Jun,2026-06,2026-06-22,Wed
2026-06-25,2026,2,2026-Q2,6,Jun,2026-06,2026-06-22,Thu
2026-06-26,2026,2,2026-Q2,6,Jun,2026-06,2026-06-22,Fri
2026-06-27,2026,2,2026-Q2,6,Jun,2026-06,2026-06-22,Sat
2026-06-28,2026,2,2026-Q2,6,Jun,2026-06,2026-06-22,Sun
2026-06-29,2026,2,2026-Q2,6,Jun,2026-06,2026-06-29,Mon
2026-06-30,2026,2,2026-Q2,6,Jun,2026-06,2026-06-29,Tue
2026-07-01,2026,3,2026-Q3,7,Jul,2026-07,2026-06-29,Wed
2026-07-02,2026,3,2026-Q3,7,Jul,2026-07,2026-06-29,Thu
2026-07-03,2026,3,2026-Q3,7,Jul,2026-07,2026-06-29,Fri
2026-07-04,2026,3,2026-Q3,7,Jul,2026-07,2026-06-29,Sat
2026-07-05,2026,3,2026-Q3,7,Jul,2026-07,2026-06-29,Sun
2026-07-06,2026,3,2026-Q3,7,Jul,2026-07,2026-07-06,Mon
2026-07-07,2026,3,2026-Q3,7,Jul,2026-07,2026-07-06,Tue
2026-07-08,2026,3,2026-Q3,7,Jul,2026-07,2026-07-06,Wed
2026-07-09,2026,3,2026-Q3,7,Jul,2026-07,2026-07-06,Thu
2026-07-10,2026,3,2026-Q3,7,Jul,2026-07,2026-07-06,Fri
2026-07-11,2026,3,2026-Q3,7,Jul,2026-07,2026-07-06,Sat
2026-07-12,2026,3,2026-Q3,7,Jul,2026-07,2026-07-06,Sun
2026-07-13,2026,3,2026-Q3,7,Jul,2026-07,2026-07-13,Mon
2026-07-14,2026,3,2026-Q3,7,Jul,2026-07,2026-07-13,Tue
2026-07-15,2026,3,2026-Q3,7,Jul,2026-07,2026-07-13,Wed
2026-07-16,2026,3,2026-Q3,7,Jul,2026-07,2026-07-13,Thu
2026-07-17,2026,3,2026-Q3,7,Jul,2026-07,2026-07-13,Fri
2026-07-18,2026,3,2026-Q3,7,Jul,2026-07,2026-07-13,Sat
2026-07-19,2026,3,2026-Q3,7,Jul,2026-07,2026-07-13,Sun
2026-07-20,2026,3,2026-Q3,7,Jul,2026-07,2026-07-20,Mon
2026-07-21,2026,3,2026-Q3,7,Jul,2026-07,2026-07-20,Tue
2026-07-22,2026,3,2026-Q3,7,Jul,2026-07,2026-07-20,Wed
2026-07-23,2026,3,2026-Q3,7,Jul,2026-07,2026-07-20,Thu
2026-07-24,2026,3,2026-Q3,7,Jul,2026-07,2026-07-20,Fri
2026-07-25,2026,3,2026-Q3,7,Jul,2026-07,2026-07-20,Sat
2026-07-26,2026,3,2026-Q3,7,Jul,2026-07,2026-07-20,Sun
2026-07-27,2026,3,2026-Q3,7,Jul,2026-07,2026-07-27,Mon
2026-07-28,2026,3,2026-Q3,7,Jul,2026-07,2026-07-27,Tue
2026-07-29,2026,3,2026-Q3,7,Jul,2026-07,2026-07-27,Wed
2026-07-30,2026,3,2026-Q3,7,Jul,2026-07,2026-07-27,Thu
2026-07-31,2026,3,2026-Q3,7,Jul,2026-07,2026-07-27,Fri
2026-08-01,2026,3,2026-Q3,8,Aug,2026-08,2026-07-27,Sat
2026-08-02,2026,3,2026-Q3,8,Aug,2026-08,2026-07-27,Sun
2026-08-03,2026,3,2026-Q3,8,Aug,2026-08,2026-08-03,Mon
2026-08-04,2026,3,2026-Q3,8,Aug,2026-08,2026-08-03,Tue
2026-08-05,2026,3,2026-Q3,8,Aug,2026-08,2026-08-03,Wed
2026-08-06,2026,3,2026-Q3,8,Aug,2026-08,2026-08-03,Thu
2026-08-07,2026,3,2026-Q3,8,Aug,2026-08,2026-08-03,Fri
2026-08-08,2026,3,2026-Q3,8,Aug,2026-08,2026-08-03,Sat
2026-08-09,2026,3,2026-Q3,8,Aug,2026-08,2026-08-03,Sun
2026-08-10,2026,3,2026-Q3,8,Aug,2026-08,2026-08-10,Mon
2026-08-11,2026,3,2026-Q3,8,Aug,2026-08,2026-08-10,Tue
2026-08-12,2026,3,2026-Q3,8,Aug,2026-08,2026-08-10,Wed
2026-08-13,2026,3,2026-Q3,8,Aug,2026-08,2026-08-10,Thu
2026-08-14,2026,3,2026-Q3,8,Aug,2026-08,2026-08-10,Fri
2026-08-15,2026,3,2026-Q3,8,Aug,2026-08,2026-08-10,Sat
2026-08-16,2026,3,2026-Q3,8,Aug,2026-08,2026-08-10,Sun
2026-08-17,2026,3,2026-Q3,8,Aug,2026-08,2026-08-17,Mon
2026-08-18,2026,3,2026-Q3,8,Aug,2026-08,2026-08-17,Tue
2026-08-19,2026,3,2026-Q3,8,Aug,2026-08,2026-08-17,Wed
2026-08-20,2026,3,2026-Q3,8,Aug,2026-08,2026-08-17,Thu
2026-08-21,2026,3,2026-Q3,8,Aug,2026-08,2026-08-17,Fri
2026-08-22,2026,3,2026-Q3,8,Aug,2026-08,2026-08-17,Sat
2026-08-23,2026,3,2026-Q3,8,Aug,2026-08,2026-08-17,Sun
2026-08-24,2026,3,2026-Q3,8,Aug,2026-08,2026-08-24,Mon
2026-08-25,2026,3,2026-Q3,8,Aug,2026-08,2026-08-24,Tue
2026-08-26,2026,3,2026-Q3,8,Aug,2026-08,2026-08-24,Wed
2026-08-27,2026,3,2026-Q3,8,Aug,2026-08,2026-08-24,Thu
2026-08-28,2026,3,2026-Q3,8,Aug,2026-08,2026-08-24,Fri
2026-08-29,2026,3,2026-Q3,8,Aug,2026-08,2026-08-24,Sat
2026-08-30,2026,3,2026-Q3,8,Aug,2026-08,2026-08-24,Sun
2026-08-31,2026,3,2026-Q3,8,Aug,2026-08,2026-08-31,Mon
2026-09-01,2026,3,2026-Q3,9,Sep,2026-09,2026-08-31,Tue
2026-09-02,2026,3,2026-Q3,9,Sep,2026-09,2026-08-31,Wed
2026-09-03,2026,3,2026-Q3,9,Sep,2026-09,2026-08-31,Thu
2026-09-04,2026,3,2026-Q3,9,Sep,2026-09,2026-08-31,Fri
2026-09-05,2026,3,2026-Q3,9,Sep,2026-09,2026-08-31,Sat
2026-09-06,2026,3,2026-Q3,9,Sep,2026-09,2026-08-31,Sun
2026-09-07,2026,3,2026-Q3,9,Sep,2026-09,2026-09-07,Mon
2026-09-08,2026,3,2026-Q3,9,Sep,2026-09,2026-09-07,Tue
2026-09-09,2026,3,2026-Q3,9,Sep,2026-09,2026-09-07,Wed
2026-09-10,2026,3,2026-Q3,9,Sep,2026-09,2026-09-07,Thu
2026-09-11,2026,3,2026-Q3,9,Sep,2026-09,2026-09-07,Fri
2026-09-12,2026,3,2026-Q3,9,Sep,2026-09,2026-09-07,Sat
2026-09-13,2026,3,2026-Q3,9,Sep,2026-09,2026-09-07,Sun
2026-09-14,2026,3,2026-Q3,9,Sep,2026-09,2026-09-14,Mon
2026-09-15,2026,3,2026-Q3,9,Sep,2026-09,2026-09-14,Tue
2026-09-16,2026,3,2026-Q3,9,Sep,2026-09,2026-09-14,Wed
2026-09-17,2026,3,2026-Q3,9,Sep,2026-09,2026-09-14,Thu
2026-09-18,2026,3,2026-Q3,9,Sep,2026-09,2026-09-14,Fri
2026-09-19,2026,3,2026-Q3,9,Sep,2026-09,2026-09-14,Sat
2026-09-20,2026,3,2026-Q3,9,Sep,2026-09,2026-09-14,Sun
2026-09-21,2026,3,2026-Q3,9,Sep,2026-09,2026-09-21,Mon
2026-09-22,2026,3,2026-Q3,9,Sep,2026-09,2026-09-21,Tue
2026-09-23,2026,3,2026-Q3,9,Sep,2026-09,2026-09-21,Wed
2026-09-24,2026,3,2026-Q3,9,Sep,2026-09,2026-09-21,Thu
2026-09-25,2026,3,2026-Q3,9,Sep,2026-09,2026-09-21,Fri
2026-09-26,2026,3,2026-Q3,9,Sep,2026-09,2026-09-21,Sat
2026-09-27,2026,3,2026-Q3,9,Sep,2026-09,2026-09-21,Sun
2026-09-28,2026,3,2026-Q3,9,Sep,2026-09,2026-09-28,Mon
2026-09-29,2026,3,2026-Q3,9,Sep,2026-09,2026-09-28,Tue
2026-09-30,2026,3,2026-Q3,9,Sep,2026-09,2026-09-28,Wed
2026-10-01,2026,4,2026-Q4,10,Oct,2026-10,2026-09-28,Thu
2026-10-02,2026,4,2026-Q4,10,Oct,2026-10,2026-09-28,Fri
2026-10-03,2026,4,2026-Q4,10,Oct,2026-10,2026-09-28,Sat
2026-10-04,2026,4,2026-Q4,10,Oct,2026-10,2026-09-28,Sun
2026-10-05,2026,4,2026-Q4,10,Oct,2026-10,2026-10-05,Mon
2026-10-06,2026,4,2026-Q4,10,Oct,2026-10,2026-10-05,Tue
2026-10-07,2026,4,2026-Q4,10,Oct,2026-10,2026-10-05,Wed
2026-10-08,2026,4,2026-Q4,10,Oct,2026-10,2026-10-05,Thu
2026-10-09,2026,4,2026-Q4,10,Oct,2026-10,2026-10-05,Fri
2026-10-10,2026,4,2026-Q4,10,Oct,2026-10,2026-10-05,Sat
2026-10-11,2026,4,2026-Q4,10,Oct,2026-10,2026-10-05,Sun
2026-10-12,2026,4,2026-Q4,10,Oct,2026-10,2026-10-12,Mon
2026-10-13,2026,4,2026-Q4,10,Oct,2026-10,2026-10-12,Tue
2026-10-14,2026,4,2026-Q4,10,Oct,2026-10,2026-10-12,Wed
2026-10-15,2026,4,2026-Q4,10,Oct,2026-10,2026-10-12,Thu
2026-10-16,2026,4,2026-Q4,10,Oct,2026-10,2026-10-12,Fri
2026-10-17,2026,4,2026-Q4,10,Oct,2026-10,2026-10-12,Sat
2026-10-18,2026,4,2026-Q4,10,Oct,2026-10,2026-10-12,Sun
2026-10-19,2026,4,2026-Q4,10,Oct,2026-10,2026-10-19,Mon
2026-10-20,2026,4,2026-Q4,10,Oct,2026-10,2026-10-19,Tue
2026-10-21,2026,4,2026-Q4,10,Oct,2026-10,2026-10-19,Wed
2026-10-22,2026,4,2026-Q4,10,Oct,2026-10,2026-10-19,Thu
2026-10-23,2026,4,2026-Q4,10,Oct,2026-10,2026-10-19,Fri
2026-10-24,2026,4,2026-Q4,10,Oct,2026-10,2026-10-19,Sat
2026-10-25,2026,4,2026-Q4,10,Oct,2026-10,2026-10-19,Sun
2026-10-26,2026,4,2026-Q4,10,Oct,2026-10,2026-10-26,Mon
2026-10-27,2026,4,2026-Q4,10,Oct,2026-10,2026-10-26,Tue
2026-10-28,2026,4,2026-Q4,10,Oct,2026-10,2026-10-26,Wed
2026-10-29,2026,4,2026-Q4,10,Oct,2026-10,2026-10-26,Thu
2026-10-30,2026,4,2026-Q4,10,Oct,2026-10,2026-10-26,Fri
2026-10-31,2026,4,2026-Q4,10,Oct,2026-10,2026-10-26,Sat
2026-11-01,2026,4,2026-Q4,11,Nov,2026-11,2026-10-26,Sun
2026-11-02,2026,4,2026-Q4,11,Nov,2026-11,2026-11-02,Mon
2026-11-03,2026,4,2026-Q4,11,Nov,2026-11,2026-11-02,Tue
2026-11-04,2026,4,2026-Q4,11,Nov,2026-11,2026-11-02,Wed
2026-11-05,2026,4,2026-Q4,11,Nov,2026-11,2026-11-02,Thu
2026-11-06,2026,4,2026-Q4,11,Nov,2026-11,2026-11-02,Fri
2026-11-07,2026,4,2026-Q4,11,Nov,2026-11,2026-11-02,Sat
2026-11-08,2026,4,2026-Q4,11,Nov,2026-11,2026-11-02,Sun
2026-11-09,2026,4,2026-Q4,11,Nov,2026-11,2026-11-09,Mon
2026-11-10,2026,4,2026-Q4,11,Nov,2026-11,2026-11-09,Tue
2026-11-11,2026,4,2026-Q4,11,Nov,2026-11,2026-11-09,Wed
2026-11-12,2026,4,2026-Q4,11,Nov,2026-11,2026-11-09,Thu
2026-11-13,2026,4,2026-Q4,11,Nov,2026-11,2026-11-09,Fri
2026-11-14,2026,4,2026-Q4,11,Nov,2026-11,2026-11-09,Sat
2026-11-15,2026,4,2026-Q4,11,Nov,2026-11,2026-11-09,Sun
2026-11-16,2026,4,2026-Q4,11,Nov,2026-11,2026-11-16,Mon
2026-11-17,2026,4,2026-Q4,11,Nov,2026-11,2026-11-16,Tue
2026-11-18,2026,4,2026-Q4,11,Nov,2026-11,2026-11-16,Wed
2026-11-19,2026,4,2026-Q4,11,Nov,2026-11,2026-11-16,Thu
2026-11-20,2026,4,2026-Q4,11,Nov,2026-11,2026-11-16,Fri
2026-11-21,2026,4,2026-Q4,11,Nov,2026-11,2026-11-16,Sat
2026-11-22,2026,4,2026-Q4,11,Nov,2026-11,2026-11-16,Sun
2026-11-23,2026,4,2026-Q4,11,Nov,2026-11,2026-11-23,Mon
2026-11-24,2026,4,2026-Q4,11,Nov,2026-11,2026-11-23,Tue
2026-11-25,2026,4,2026-Q4,11,Nov,2026-11,2026-11-23,Wed
2026-11-26,2026,4,2026-Q4,11,Nov,2026-11,2026-11-23,Thu
2026-11-27,2026,4,2026-Q4,11,Nov,2026-11,2026-11-23,Fri
2026-11-28,2026,4,2026-Q4,11,Nov,2026-11,2026-11-23,Sat
2026-11-29,2026,4,2026-Q4,11,Nov,2026-11,2026-11-23,Sun
2026-11-30,2026,4,2026-Q4,11,Nov,2026-11,2026-11-30,Mon
2026-12-01,2026,4,2026-Q4,12,Dec,2026-12,2026-11-30,Tue
2026-12-02,2026,4,2026-Q4,12,Dec,2026-12,2026-11-30,Wed
2026-12-03,2026,4,2026-Q4,12,Dec,2026-12,2026-11-30,Thu
2026-12-04,2026,4,2026-Q4,12,Dec,2026-12,2026-11-30,Fri
2026-12-05,2026,4,2026-Q4,12,Dec,2026-12,2026-11-30,Sat
2026-12-06,2026,4,2026-Q4,12,Dec,2026-12,2026-11-30,Sun
2026-12-07,2026,4,2026-Q4,12,Dec,2026-12,2026-12-07,Mon
2026-12-08,2026,4,2026-Q4,12,Dec,2026-12,2026-12-07,Tue
2026-12-09,2026,4,2026-Q4,12,Dec,2026-12,2026-12-07,Wed
2026-12-10,2026,4,2026-Q4,12,Dec,2026-12,2026-12-07,Thu
2026-12-11,2026,4,2026-Q4,12,Dec,2026-12,2026-12-07,Fri
2026-12-12,2026,4,2026-Q4,12,Dec,2026-12,2026-12-07,Sat
2026-12-13,2026,4,2026-Q4,12,Dec,2026-12,2026-12-07,Sun
2026-12-14,2026,4,2026-Q4,12,Dec,2026-12,2026-12-14,Mon
2026-12-15,2026,4,2026-Q4,12,Dec,2026-12,2026-12-14,Tue
2026-12-16,2026,4,2026-Q4,12,Dec,2026-12,2026-12-14,Wed
2026-12-17,2026,4,2026-Q4,12,Dec,2026-12,2026-12-14,Thu
2026-12-18,2026,4,2026-Q4,12,Dec,2026-12,2026-12-14,Fri
2026-12-19,2026,4,2026-Q4,12,Dec,2026-12,2026-12-14,Sat
2026-12-20,2026,4,2026-Q4,12,Dec,2026-12,2026-12-14,Sun
2026-12-21,2026,4,2026-Q4,12,Dec,2026-12,2026-12-21,Mon
2026-12-22,2026,4,2026-Q4,12,Dec,2026-12,2026-12-21,Tue
2026-12-23,2026,4,2026-Q4,12,Dec,2026-12,2026-12-21,Wed
2026-12-24,2026,4,2026-Q4,12,Dec,2026-12,2026-12-21,Thu
2026-12-25,2026,4,2026-Q4,12,Dec,2026-12,2026-12-21,Fri
2026-12-26,2026,4,2026-Q4,12,Dec,2026-12,2026-12-21,Sat
2026-12-27,2026,4,2026-Q4,12,Dec,2026-12,2026-12-21,Sun
2026-12-28,2026,4,2026-Q4,12,Dec,2026-12,2026-12-28,Mon
2026-12-29,2026,4,2026-Q4,12,Dec,2026-12,2026-12-28,Tue
2026-12-30,2026,4,2026-Q4,12,Dec,2026-12,2026-12-28,Wed
2026-12-31,2026,4,2026-Q4,12,Dec,2026-12,2026-12-28,Thu
2027-01-01,2027,1,2027-Q1,1,Jan,2027-01,2026-12-28,Fri
2027-01-02,2027,1,2027-Q1,1,Jan,2027-01,2026-12-28,Sat
2027-01-03,2027,1,2027-Q1,1,Jan,2027-01,2026-12-28,Sun
2027-01-04,2027,1,2027-Q1,1,Jan,2027-01,2027-01-04,Mon
2027-01-05,2027,1,2027-Q1,1,Jan,2027-01,2027-01-04,Tue
2027-01-06,2027,1,2027-Q1,1,Jan,2027-01,2027-01-04,Wed
2027-01-07,2027,1,2027-Q1,1,Jan,2027-01,2027-01-04,Thu
2027-01-08,2027,1,2027-Q1,1,Jan,2027-01,2027-01-04,Fri
2027-01-09,2027,1,2027-Q1,1,Jan,2027-01,2027-01-04,Sat
2027-01-10,2027,1,2027-Q1,1,Jan,2027-01,2027-01-04,Sun
2027-01-11,2027,1,2027-Q1,1,Jan,2027-01,2027-01-11,Mon
2027-01-12,2027,1,2027-Q1,1,Jan,2027-01,2027-01-11,Tue
2027-01-13,2027,1,2027-Q1,1,Jan,2027-01,2027-01-11,Wed
2027-01-14,2027,1,2027-Q1,1,Jan,2027-01,2027-01-11,Thu
2027-01-15,2027,1,2027-Q1,1,Jan,2027-01,2027-01-11,Fri
2027-01-16,2027,1,2027-Q1,1,Jan,2027-01,2027-01-11,Sat
2027-01-17,2027,1,2027-Q1,1,Jan,2027-01,2027-01-11,Sun
2027-01-18,2027,1,2027-Q1,1,Jan,2027-01,2027-01-18,Mon
2027-01-19,2027,1,2027-Q1,1,Jan,2027-01,2027-01-18,Tue
2027-01-20,2027,1,2027-Q1,1,Jan,2027-01,2027-01-18,Wed
2027-01-21,2027,1,2027-Q1,1,Jan,2027-01,2027-01-18,Thu
2027-01-22,2027,1,2027-Q1,1,Jan,2027-01,2027-01-18,Fri
2027-01-23,2027,1,2027-Q1,1,Jan,2027-01,2027-01-18,Sat
2027-01-24,2027,1,2027-Q1,1,Jan,2027-01,2027-01-18,Sun
2027-01-25,2027,1,2027-Q1,1,Jan,2027-01,2027-01-25,Mon
2027-01-26,2027,1,2027-Q1,1,Jan,2027-01,2027-01-25,Tue
2027-01-27,2027,1,2027-Q1,1,Jan,2027-01,2027-01-25,Wed
2027-01-28,2027,1,2027-Q1,1,Jan,2027-01,2027-01-25,Thu
2027-01-29,2027,1,2027-Q1,1,Jan,2027-01,2027-01-25,Fri
2027-01-30,2027,1,2027-Q1,1,Jan,2027-01,2027-01-25,Sat
2027-01-31,2027,1,2027-Q1,1,Jan,2027-01,2027-01-25,Sun
2027-02-01,2027,1,2027-Q1,2,Feb,2027-02,2027-02-01,Mon
2027-02-02,2027,1,2027-Q1,2,Feb,2027-02,2027-02-01,Tue
2027-02-03,2027,1,2027-Q1,2,Feb,2027-02,2027-02-01,Wed
2027-02-04,2027,1,2027-Q1,2,Feb,2027-02,2027-02-01,Thu
2027-02-05,2027,1,2027-Q1,2,Feb,2027-02,2027-02-01,Fri
2027-02-06,2027,1,2027-Q1,2,Feb,2027-02,2027-02-01,Sat
2027-02-07,2027,1,2027-Q1,2,Feb,2027-02,2027-02-01,Sun
2027-02-08,2027,1,2027-Q1,2,Feb,2027-02,2027-02-08,Mon
2027-02-09,2027,1,2027-Q1,2,Feb,2027-02,2027-02-08,Tue
2027-02-10,2027,1,2027-Q1,2,Feb,2027-02,2027-02-08,Wed
2027-02-11,2027,1,2027-Q1,2,Feb,2027-02,2027-02-08,Thu
2027-02-12,2027,1,2027-Q1,2,Feb,2027-02,2027-02-08,Fri
2027-02-13,2027,1,2027-Q1,2,Feb,2027-02,2027-02-08,Sat
2027-02-14,2027,1,2027-Q1,2,Feb,2027-02,2027-02-08,Sun
2027-02-15,2027,1,2027-Q1,2,Feb,2027-02,2027-02-15,Mon
2027-02-16,2027,1,2027-Q1,2,Feb,2027-02,2027-02-15,Tue
2027-02-17,2027,1,2027-Q1,2,Feb,2027-02,2027-02-15,Wed
2027-02-18,2027,1,2027-Q1,2,Feb,2027-02,2027-02-15,Thu
2027-02-19,2027,1,2027-Q1,2,Feb,2027-02,2027-02-15,Fri
2027-02-20,2027,1,2027-Q1,2,Feb,2027-02,2027-02-15,Sat
2027-02-21,2027,1,2027-Q1,2,Feb,2027-02,2027-02-15,Sun
2027-02-22,2027,1,2027-Q1,2,Feb,2027-02,2027-02-22,Mon
2027-02-23,2027,1,2027-Q1,2,Feb,2027-02,2027-02-22,Tue
2027-02-24,2027,1,2027-Q1,2,Feb,2027-02,2027-02-22,Wed
2027-02-25,2027,1,2027-Q1,2,Feb,2027-02,2027-02-22,Thu
2027-02-26,2027,1,2027-Q1,2,Feb,2027-02,2027-02-22,Fri
2027-02-27,2027,1,2027-Q1,2,Feb,2027-02,2027-02-22,Sat
2027-02-28,2027,1,2027-Q1,2,Feb,2027-02,2027-02-22,Sun
2027-03-01,2027,1,2027-Q1,3,Mar,2027-03,2027-03-01,Mon
2027-03-02,2027,1,2027-Q1,3,Mar,2027-03,2027-03-01,Tue
2027-03-03,2027,1,2027-Q1,3,Mar,2027-03,2027-03-01,Wed
2027-03-04,2027,1,2027-Q1,3,Mar,2027-03,2027-03-01,Thu
2027-03-05,2027,1,2027-Q1,3,Mar,2027-03,2027-03-01,Fri
2027-03-06,2027,1,2027-Q1,3,Mar,2027-03,2027-03-01,Sat
2027-03-07,2027,1,2027-Q1,3,Mar,2027-03,2027-03-01,Sun
2027-03-08,2027,1,2027-Q1,3,Mar,2027-03,2027-03-08,Mon
2027-03-09,2027,1,2027-Q1,3,Mar,2027-03,2027-03-08,Tue
2027-03-10,2027,1,2027-Q1,3,Mar,2027-03,2027-03-08,Wed
2027-03-11,2027,1,2027-Q1,3,Mar,2027-03,2027-03-08,Thu
2027-03-12,2027,1,2027-Q1,3,Mar,2027-03,2027-03-08,Fri
2027-03-13,2027,1,2027-Q1,3,Mar,2027-03,2027-03-08,Sat
2027-03-14,2027,1,2027-Q1,3,Mar,2027-03,2027-03-08,Sun
2027-03-15,2027,1,2027-Q1,3,Mar,2027-03,2027-03-15,Mon
2027-03-16,2027,1,2027-Q1,3,Mar,2027-03,2027-03-15,Tue
2027-03-17,2027,1,2027-Q1,3,Mar,2027-03,2027-03-15,Wed
2027-03-18,2027,1,2027-Q1,3,Mar,2027-03,2027-03-15,Thu
2027-03-19,2027,1,2027-Q1,3,Mar,2027-03,2027-03-15,Fri
2027-03-20,2027,1,2027-Q1,3,Mar,2027-03,2027-03-15,Sat
2027-03-21,2027,1,2027-Q1,3,Mar,2027-03,2027-03-15,Sun
2027-03-22,2027,1,2027-Q1,3,Mar,2027-03,2027-03-22,Mon
2027-03-23,2027,1,2027-Q1,3,Mar,2027-03,2027-03-22,Tue
2027-03-24,2027,1,2027-Q1,3,Mar,2027-03,2027-03-22,Wed
2027-03-25,2027,1,2027-Q1,3,Mar,2027-03,2027-03-22,Thu
2027-03-26,2027,1,2027-Q1,3,Mar,2027-03,2027-03-22,Fri
2027-03-27,2027,1,2027-Q1,3,Mar,2027-03,2027-03-22,Sat
2027-03-28,2027,1,2027-Q1,3,Mar,2027-03,2027-03-22,Sun
2027-03-29,2027,1,2027-Q1,3,Mar,2027-03,2027-03-29,Mon
2027-03-30,2027,1,2027-Q1,3,Mar,2027-03,2027-03-29,Tue
2027-03-31,2027,1,2027-Q1,3,Mar,2027-03,2027-03-29,Wed
2027-04-01,2027,2,2027-Q2,4,Apr,2027-04,2027-03-29,Thu
2027-04-02,2027,2,2027-Q2,4,Apr,2027-04,2027-03-29,Fri
2027-04-03,2027,2,2027-Q2,4,Apr,2027-04,2027-03-29,Sat
2027-04-04,2027,2,2027-Q2,4,Apr,2027-04,2027-03-29,Sun
2027-04-05,2027,2,2027-Q2,4,Apr,2027-04,2027-04-05,Mon
2027-04-06,2027,2,2027-Q2,4,Apr,2027-04,2027-04-05,Tue
2027-04-07,2027,2,2027-Q2,4,Apr,2027-04,2027-04-05,Wed
2027-04-08,2027,2,2027-Q2,4,Apr,2027-04,2027-04-05,Thu
2027-04-09,2027,2,2027-Q2,4,Apr,2027-04,2027-04-05,Fri
2027-04-10,2027,2,2027-Q2,4,Apr,2027-04,2027-04-05,Sat
2027-04-11,2027,2,2027-Q2,4,Apr,2027-04,2027-04-05,Sun
2027-04-12,2027,2,2027-Q2,4,Apr,2027-04,2027-04-12,Mon
2027-04-13,2027,2,2027-Q2,4,Apr,2027-04,2027-04-12,Tue
2027-04-14,2027,2,2027-Q2,4,Apr,2027-04,2027-04-12,Wed
2027-04-15,2027,2,2027-Q2,4,Apr,2027-04,2027-04-12,Thu
2027-04-16,2027,2,2027-Q2,4,Apr,2027-04,2027-04-12,Fri
2027-04-17,2027,2,2027-Q2,4,Apr,2027-04,2027-04-12,Sat
2027-04-18,2027,2,2027-Q2,4,Apr,2027-04,2027-04-12,Sun
2027-04-19,2027,2,2027-Q2,4,Apr,2027-04,2027-04-19,Mon
2027-04-20,2027,2,2027-Q2,4,Apr,2027-04,2027-04-19,Tue
2027-04-21,2027,2,2027-Q2,4,Apr,2027-04,2027-04-19,Wed
2027-04-22,2027,2,2027-Q2,4,Apr,2027-04,2027-04-19,Thu
2027-04-23,2027,2,2027-Q2,4,Apr,2027-04,2027-04-19,Fri
2027-04-24,2027,2,2027-Q2,4,Apr,2027-04,2027-04-19,Sat
2027-04-25,2027,2,2027-Q2,4,Apr,2027-04,2027-04-19,Sun
2027-04-26,2027,2,2027-Q2,4,Apr,2027-04,2027-04-26,Mon
2027-04-27,2027,2,2027-Q2,4,Apr,2027-04,2027-04-26,Tue
2027-04-28,2027,2,2027-Q2,4,Apr,2027-04,2027-04-26,Wed
2027-04-29,2027,2,2027-Q2,4,Apr,2027-04,2027-04-26,Thu
2027-04-30,2027,2,2027-Q2,4,Apr,2027-04,2027-04-26,Fri
2027-05-01,2027,2,2027-Q2,5,May,2027-05,2027-04-26,Sat
2027-05-02,2027,2,2027-Q2,5,May,2027-05,2027-04-26,Sun
2027-05-03,2027,2,2027-Q2,5,May,2027-05,2027-05-03,Mon
2027-05-04,2027,2,2027-Q2,5,May,2027-05,2027-05-03,Tue
2027-05-05,2027,2,2027-Q2,5,May,2027-05,2027-05-03,Wed
2027-05-06,2027,2,2027-Q2,5,May,2027-05,2027-05-03,Thu
2027-05-07,2027,2,2027-Q2,5,May,2027-05,2027-05-03,Fri
2027-05-08,2027,2,2027-Q2,5,May,2027-05,2027-05-03,Sat
2027-05-09,2027,2,2027-Q2,5,May,2027-05,2027-05-03,Sun
2027-05-10,2027,2,2027-Q2,5,May,2027-05,2027-05-10,Mon
2027-05-11,2027,2,2027-Q2,5,May,2027-05,2027-05-10,Tue
2027-05-12,2027,2,2027-Q2,5,May,2027-05,2027-05-10,Wed
2027-05-13,2027,2,2027-Q2,5,May,2027-05,2027-05-10,Thu
2027-05-14,2027,2,2027-Q2,5,May,2027-05,2027-05-10,Fri
2027-05-15,2027,2,2027-Q2,5,May,2027-05,2027-05-10,Sat
2027-05-16,2027,2,2027-Q2,5,May,2027-05,2027-05-10,Sun
2027-05-17,2027,2,2027-Q2,5,May,2027-05,2027-05-17,Mon
2027-05-18,2027,2,2027-Q2,5,May,2027-05,2027-05-17,Tue
2027-05-19,2027,2,2027-Q2,5,May,2027-05,2027-05-17,Wed
2027-05-20,2027,2,2027-Q2,5,May,2027-05,2027-05-17,Thu
2027-05-21,2027,2,2027-Q2,5,May,2027-05,2027-05-17,Fri
2027-05-22,2027,2,2027-Q2,5,May,2027-05,2027-05-17,Sat
2027-05-23,2027,2,2027-Q2,5,May,2027-05,2027-05-17,Sun
2027-05-24,2027,2,2027-Q2,5,May,2027-05,2027-05-24,Mon
2027-05-25,2027,2,2027-Q2,5,May,2027-05,2027-05-24,Tue
2027-05-26,2027,2,2027-Q2,5,May,2027-05,2027-05-24,Wed
2027-05-27,2027,2,2027-Q2,5,May,2027-05,2027-05-24,Thu
2027-05-28,2027,2,2027-Q2,5,May,2027-05,2027-05-24,Fri
2027-05-29,2027,2,2027-Q2,5,May,2027-05,2027-05-24,Sat
2027-05-30,2027,2,2027-Q2,5,May,2027-05,2027-05-24,Sun
2027-05-31,2027,2,2027-Q2,5,May,2027-05,2027-05-31,Mon
2027-06-01,2027,2,2027-Q2,6,Jun,2027-06,2027-05-31,Tue
2027-06-02,2027,2,2027-Q2,6,Jun,2027-06,2027-05-31,Wed
2027-06-03,2027,2,2027-Q2,6,Jun,2027-06,2027-05-31,Thu
2027-06-04,2027,2,2027-Q2,6,Jun,2027-06,2027-05-31,Fri
2027-06-05,2027,2,2027-Q2,6,Jun,2027-06,2027-05-31,Sat
2027-06-06,2027,2,2027-Q2,6,Jun,2027-06,2027-05-31,Sun
2027-06-07,2027,2,2027-Q2,6,Jun,2027-06,2027-06-07,Mon
2027-06-08,2027,2,2027-Q2,6,Jun,2027-06,2027-06-07,Tue
2027-06-09,2027,2,2027-Q2,6,Jun,2027-06,2027-06-07,Wed
2027-06-10,2027,2,2027-Q2,6,Jun,2027-06,2027-06-07,Thu
2027-06-11,2027,2,2027-Q2,6,Jun,2027-06,2027-06-07,Fri
2027-06-12,2027,2,2027-Q2,6,Jun,2027-06,2027-06-07,Sat
2027-06-13,2027,2,2027-Q2,6,Jun,2027-06,2027-06-07,Sun
2027-06-14,2027,2,2027-Q2,6,Jun,2027-06,2027-06-14,Mon
2027-06-15,2027,2,2027-Q2,6,Jun,2027-06,2027-06-14,Tue
2027-06-16,2027,2,2027-Q2,6,Jun,2027-06,2027-06-14,Wed
2027-06-17,2027,2,2027-Q2,6,Jun,2027-06,2027-06-14,Thu
2027-06-18,2027,2,2027-Q2,6,Jun,2027-06,2027-06-14,Fri
2027-06-19,2027,2,2027-Q2,6,Jun,2027-06,2027-06-14,Sat
2027-06-20,2027,2,2027-Q2,6,Jun,2027-06,2027-06-14,Sun
2027-06-21,2027,2,2027-Q2,6,Jun,2027-06,2027-06-21,Mon
2027-06-22,2027,2,2027-Q2,6,Jun,2027-06,2027-06-21,Tue
2027-06-23,2027,2,2027-Q2,6,Jun,2027-06,2027-06-21,Wed
2027-06-24,2027,2,2027-Q2,6,Jun,2027-06,2027-06-21,Thu
2027-06-25,2027,2,2027-Q2,6,Jun,2027-06,2027-06-21,Fri
2027-06-26,2027,2,2027-Q2,6,Jun,2027-06,2027-06-21,Sat
2027-06-27,2027,2,2027-Q2,6,Jun,2027-06,2027-06-21,Sun
2027-06-28,2027,2,2027-Q2,6,Jun,2027-06,2027-06-28,Mon
2027-06-29,2027,2,2027-Q2,6,Jun,2027-06,2027-06-28,Tue
2027-06-30,2027,2,2027-Q2,6,Jun,2027-06,2027-06-28,Wed
